Build web app	Set up job	﻿2026-06-26T17:06:14.1467136Z Current runner version: '2.335.1'
Build web app	Set up job	2026-06-26T17:06:14.1494719Z ##[group]Runner Image Provisioner
Build web app	Set up job	2026-06-26T17:06:14.1495663Z Hosted Compute Agent
Build web app	Set up job	2026-06-26T17:06:14.1496382Z Version: 20260611.554
Build web app	Set up job	2026-06-26T17:06:14.1497300Z Commit: 5e0782fdc9014723d3be820dd114dd31555c2bd1
Build web app	Set up job	2026-06-26T17:06:14.1498101Z Build Date: 2026-06-11T21:40:46Z
Build web app	Set up job	2026-06-26T17:06:14.1498862Z Worker ID: {6c574d52-249f-4717-bab1-c5bd52531c39}
Build web app	Set up job	2026-06-26T17:06:14.1499603Z Azure Region: westus
Build web app	Set up job	2026-06-26T17:06:14.1500240Z ##[endgroup]
Build web app	Set up job	2026-06-26T17:06:14.1501874Z ##[group]Operating System
Build web app	Set up job	2026-06-26T17:06:14.1502621Z Ubuntu
Build web app	Set up job	2026-06-26T17:06:14.1503232Z 24.04.4
Build web app	Set up job	2026-06-26T17:06:14.1503772Z LTS
Build web app	Set up job	2026-06-26T17:06:14.1504353Z ##[endgroup]
Build web app	Set up job	2026-06-26T17:06:14.1504938Z ##[group]Runner Image
Build web app	Set up job	2026-06-26T17:06:14.1505549Z Image: ubuntu-24.04
Build web app	Set up job	2026-06-26T17:06:14.1506709Z Version: 20260622.220.1
Build web app	Set up job	2026-06-26T17:06:14.1507988Z Included Software: https://github.com/actions/runner-images/blob/ubuntu24/20260622.220/images/ubuntu/Ubuntu2404-Readme.md
Build web app	Set up job	2026-06-26T17:06:14.1509862Z Image Release: https://github.com/actions/runner-images/releases/tag/ubuntu24%2F20260622.220
Build web app	Set up job	2026-06-26T17:06:14.1510843Z ##[endgroup]
Build web app	Set up job	2026-06-26T17:06:14.1512139Z ##[group]GITHUB_TOKEN Permissions
Build web app	Set up job	2026-06-26T17:06:14.1514468Z Contents: read
Build web app	Set up job	2026-06-26T17:06:14.1515248Z Metadata: read
Build web app	Set up job	2026-06-26T17:06:14.1515829Z Pages: write
Build web app	Set up job	2026-06-26T17:06:14.1516588Z ##[endgroup]
Build web app	Set up job	2026-06-26T17:06:14.1519245Z Secret source: Actions
Build web app	Set up job	2026-06-26T17:06:14.1520070Z Prepare workflow directory
Build web app	Set up job	2026-06-26T17:06:14.1880218Z Prepare all required actions
Build web app	Set up job	2026-06-26T17:06:14.1922595Z Getting action download info
Build web app	Set up job	2026-06-26T17:06:14.6400559Z Download action repository 'actions/checkout@v6' (SHA:df4cb1c069e1874edd31b4311f1884172cec0e10)
Build web app	Set up job	2026-06-26T17:06:14.7448545Z Download action repository 'actions/setup-node@v6' (SHA:48b55a011bda9f5d6aeb4c2d9c7362e8dae4041e)
Build web app	Set up job	2026-06-26T17:06:14.8374776Z Download action repository 'actions/configure-pages@v6' (SHA:45bfe0192ca1faeb007ade9deae92b16b8254a0d)
Build web app	Set up job	2026-06-26T17:06:15.4451263Z Download action repository 'actions/upload-artifact@v7' (SHA:043fb46d1a93c77aae656e7c1c64a875d1fc6a0a)
Build web app	Set up job	2026-06-26T17:06:15.8692172Z Download action repository 'actions/upload-pages-artifact@v5' (SHA:fc324d3547104276b827a68afc52ff2a11cc49c9)
Build web app	Set up job	2026-06-26T17:06:16.2218440Z Getting action download info
Build web app	Set up job	2026-06-26T17:06:16.3810334Z Download action repository 'actions/upload-artifact@bbbca2ddaa5d8feaa63e36b76fdaad77386f024f' (SHA:bbbca2ddaa5d8feaa63e36b76fdaad77386f024f)
Build web app	Set up job	2026-06-26T17:06:16.5511788Z Complete job name: Build web app
Build web app	Run actions/checkout@v6	﻿2026-06-26T17:06:16.6277661Z ##[group]Run actions/checkout@v6
Build web app	Run actions/checkout@v6	2026-06-26T17:06:16.6278399Z with:
Build web app	Run actions/checkout@v6	2026-06-26T17:06:16.6278655Z   repository: konard/numbers-vectorization
Build web app	Run actions/checkout@v6	2026-06-26T17:06:16.6281947Z   token: ***
Build web app	Run actions/checkout@v6	2026-06-26T17:06:16.6282164Z   ssh-strict: true
Build web app	Run actions/checkout@v6	2026-06-26T17:06:16.6282373Z   ssh-user: git
Build web app	Run actions/checkout@v6	2026-06-26T17:06:16.6282586Z   persist-credentials: true
Build web app	Run actions/checkout@v6	2026-06-26T17:06:16.6282831Z   clean: true
Build web app	Run actions/checkout@v6	2026-06-26T17:06:16.6283057Z   sparse-checkout-cone-mode: true
Build web app	Run actions/checkout@v6	2026-06-26T17:06:16.6283350Z   fetch-depth: 1
Build web app	Run actions/checkout@v6	2026-06-26T17:06:16.6283568Z   fetch-tags: false
Build web app	Run actions/checkout@v6	2026-06-26T17:06:16.6283787Z   show-progress: true
Build web app	Run actions/checkout@v6	2026-06-26T17:06:16.6284004Z   lfs: false
Build web app	Run actions/checkout@v6	2026-06-26T17:06:16.6284204Z   submodules: false
Build web app	Run actions/checkout@v6	2026-06-26T17:06:16.6284419Z   set-safe-directory: true
Build web app	Run actions/checkout@v6	2026-06-26T17:06:16.6284884Z ##[endgroup]
Build web app	Run actions/checkout@v6	2026-06-26T17:06:16.7337136Z Syncing repository: konard/numbers-vectorization
Build web app	Run actions/checkout@v6	2026-06-26T17:06:16.7338832Z ##[group]Getting Git version info
Build web app	Run actions/checkout@v6	2026-06-26T17:06:16.7339375Z Working directory is '/home/runner/work/numbers-vectorization/numbers-vectorization'
Build web app	Run actions/checkout@v6	2026-06-26T17:06:16.7340245Z [command]/usr/bin/git version
Build web app	Run actions/checkout@v6	2026-06-26T17:06:16.7412465Z git version 2.54.0
Build web app	Run actions/checkout@v6	2026-06-26T17:06:16.7438833Z ##[endgroup]
Build web app	Run actions/checkout@v6	2026-06-26T17:06:16.7454664Z Temporarily overriding HOME='/home/runner/work/_temp/4f42c93c-db16-4cc0-99c7-776e268bfdce' before making global git config changes
Build web app	Run actions/checkout@v6	2026-06-26T17:06:16.7456206Z Adding repository directory to the temporary git global config as a safe directory
Build web app	Run actions/checkout@v6	2026-06-26T17:06:16.7461819Z [command]/usr/bin/git config --global --add safe.directory /home/runner/work/numbers-vectorization/numbers-vectorization
Build web app	Run actions/checkout@v6	2026-06-26T17:06:16.7520092Z Deleting the contents of '/home/runner/work/numbers-vectorization/numbers-vectorization'
Build web app	Run actions/checkout@v6	2026-06-26T17:06:16.7524288Z ##[group]Determining repository object format
Build web app	Run actions/checkout@v6	2026-06-26T17:06:16.7603149Z ##[endgroup]
Build web app	Run actions/checkout@v6	2026-06-26T17:06:16.7604521Z ##[group]Initializing the repository
Build web app	Run actions/checkout@v6	2026-06-26T17:06:16.7605518Z [command]/usr/bin/git init /home/runner/work/numbers-vectorization/numbers-vectorization
Build web app	Run actions/checkout@v6	2026-06-26T17:06:16.7647636Z hint: Using 'master' as the name for the initial branch. This default branch name
Build web app	Run actions/checkout@v6	2026-06-26T17:06:16.7648398Z hint: will change to "main" in Git 3.0. To configure the initial branch name
Build web app	Run actions/checkout@v6	2026-06-26T17:06:16.7649314Z hint: to use in all of your new repositories, which will suppress this warning,
Build web app	Run actions/checkout@v6	2026-06-26T17:06:16.7650064Z hint: call:
Build web app	Run actions/checkout@v6	2026-06-26T17:06:16.7650410Z hint:
Build web app	Run actions/checkout@v6	2026-06-26T17:06:16.7650891Z hint: 	git config --global init.defaultBranch <name>
Build web app	Run actions/checkout@v6	2026-06-26T17:06:16.7651480Z hint:
Build web app	Run actions/checkout@v6	2026-06-26T17:06:16.7652037Z hint: Names commonly chosen instead of 'master' are 'main', 'trunk' and
Build web app	Run actions/checkout@v6	2026-06-26T17:06:16.7652958Z hint: 'development'. The just-created branch can be renamed via this command:
Build web app	Run actions/checkout@v6	2026-06-26T17:06:16.7653639Z hint:
Build web app	Run actions/checkout@v6	2026-06-26T17:06:16.7653992Z hint: 	git branch -m <name>
Build web app	Run actions/checkout@v6	2026-06-26T17:06:16.7654252Z hint:
Build web app	Run actions/checkout@v6	2026-06-26T17:06:16.7654636Z hint: Disable this message with "git config set advice.defaultBranchName false"
Build web app	Run actions/checkout@v6	2026-06-26T17:06:16.7655432Z Initialized empty Git repository in /home/runner/work/numbers-vectorization/numbers-vectorization/.git/
Build web app	Run actions/checkout@v6	2026-06-26T17:06:16.7665514Z [command]/usr/bin/git remote add origin https://github.com/konard/numbers-vectorization
Build web app	Run actions/checkout@v6	2026-06-26T17:06:16.7748443Z ##[endgroup]
Build web app	Run actions/checkout@v6	2026-06-26T17:06:16.7748975Z ##[group]Disabling automatic garbage collection
Build web app	Run actions/checkout@v6	2026-06-26T17:06:16.7753970Z [command]/usr/bin/git config --local gc.auto 0
Build web app	Run actions/checkout@v6	2026-06-26T17:06:16.7788411Z ##[endgroup]
Build web app	Run actions/checkout@v6	2026-06-26T17:06:16.7788968Z ##[group]Setting up auth
Build web app	Run actions/checkout@v6	2026-06-26T17:06:16.7790066Z Removing SSH command configuration
Build web app	Run actions/checkout@v6	2026-06-26T17:06:16.7797620Z [command]/usr/bin/git config --local --name-only --get-regexp core\.sshCommand
Build web app	Run actions/checkout@v6	2026-06-26T17:06:16.7837754Z [command]/usr/bin/git submodule foreach --recursive sh -c "git config --local --name-only --get-regexp 'core\.sshCommand' && git config --local --unset-all 'core.sshCommand' || :"
Build web app	Run actions/checkout@v6	2026-06-26T17:06:16.8203140Z Removing HTTP extra header
Build web app	Run actions/checkout@v6	2026-06-26T17:06:16.8209793Z [command]/usr/bin/git config --local --name-only --get-regexp http\.https\:\/\/github\.com\/\.extraheader
Build web app	Run actions/checkout@v6	2026-06-26T17:06:16.8245760Z [command]/usr/bin/git submodule foreach --recursive sh -c "git config --local --name-only --get-regexp 'http\.https\:\/\/github\.com\/\.extraheader' && git config --local --unset-all 'http.https://github.com/.extraheader' || :"
Build web app	Run actions/checkout@v6	2026-06-26T17:06:16.8476960Z Removing includeIf entries pointing to credentials config files
Build web app	Run actions/checkout@v6	2026-06-26T17:06:16.8483747Z [command]/usr/bin/git config --local --name-only --get-regexp ^includeIf\.gitdir:
Build web app	Run actions/checkout@v6	2026-06-26T17:06:16.8519879Z [command]/usr/bin/git submodule foreach --recursive git config --local --show-origin --name-only --get-regexp remote.origin.url
Build web app	Run actions/checkout@v6	2026-06-26T17:06:16.8761919Z [command]/usr/bin/git config --file /home/runner/work/_temp/git-credentials-0e792818-61ce-485b-a486-b4e072ec53d9.config http.https://github.com/.extraheader AUTHORIZATION: basic ***
Build web app	Run actions/checkout@v6	2026-06-26T17:06:16.8804341Z [command]/usr/bin/git config --local includeIf.gitdir:/home/runner/work/numbers-vectorization/numbers-vectorization/.git.path /home/runner/work/_temp/git-credentials-0e792818-61ce-485b-a486-b4e072ec53d9.config
Build web app	Run actions/checkout@v6	2026-06-26T17:06:16.8840112Z [command]/usr/bin/git config --local includeIf.gitdir:/home/runner/work/numbers-vectorization/numbers-vectorization/.git/worktrees/*.path /home/runner/work/_temp/git-credentials-0e792818-61ce-485b-a486-b4e072ec53d9.config
Build web app	Run actions/checkout@v6	2026-06-26T17:06:16.8877007Z [command]/usr/bin/git config --local includeIf.gitdir:/github/workspace/.git.path /github/runner_temp/git-credentials-0e792818-61ce-485b-a486-b4e072ec53d9.config
Build web app	Run actions/checkout@v6	2026-06-26T17:06:16.8910736Z [command]/usr/bin/git config --local includeIf.gitdir:/github/workspace/.git/worktrees/*.path /github/runner_temp/git-credentials-0e792818-61ce-485b-a486-b4e072ec53d9.config
Build web app	Run actions/checkout@v6	2026-06-26T17:06:16.8942768Z ##[endgroup]
Build web app	Run actions/checkout@v6	2026-06-26T17:06:16.8943594Z ##[group]Fetching the repository
Build web app	Run actions/checkout@v6	2026-06-26T17:06:16.8951243Z [command]/usr/bin/git -c protocol.version=2 fetch --no-tags --prune --no-recurse-submodules --depth=1 origin +70d4599ed0a2af9685898466adfca4e118b39e34:refs/remotes/origin/main
Build web app	Run actions/checkout@v6	2026-06-26T17:06:17.6277865Z From https://github.com/konard/numbers-vectorization
Build web app	Run actions/checkout@v6	2026-06-26T17:06:17.6278711Z  * [new ref]         70d4599ed0a2af9685898466adfca4e118b39e34 -> origin/main
Build web app	Run actions/checkout@v6	2026-06-26T17:06:17.6323802Z [command]/usr/bin/git branch --list --remote origin/main
Build web app	Run actions/checkout@v6	2026-06-26T17:06:17.6354451Z   origin/main
Build web app	Run actions/checkout@v6	2026-06-26T17:06:17.6364883Z [command]/usr/bin/git rev-parse refs/remotes/origin/main
Build web app	Run actions/checkout@v6	2026-06-26T17:06:17.6392349Z 70d4599ed0a2af9685898466adfca4e118b39e34
Build web app	Run actions/checkout@v6	2026-06-26T17:06:17.6403340Z ##[endgroup]
Build web app	Run actions/checkout@v6	2026-06-26T17:06:17.6403814Z ##[group]Determining the checkout info
Build web app	Run actions/checkout@v6	2026-06-26T17:06:17.6404267Z ##[endgroup]
Build web app	Run actions/checkout@v6	2026-06-26T17:06:17.6406101Z [command]/usr/bin/git sparse-checkout disable
Build web app	Run actions/checkout@v6	2026-06-26T17:06:17.6456985Z [command]/usr/bin/git config --local --unset-all extensions.worktreeConfig
Build web app	Run actions/checkout@v6	2026-06-26T17:06:17.6487940Z ##[group]Checking out the ref
Build web app	Run actions/checkout@v6	2026-06-26T17:06:17.6492583Z [command]/usr/bin/git checkout --progress --force -B main refs/remotes/origin/main
Build web app	Run actions/checkout@v6	2026-06-26T17:06:17.6933648Z Switched to a new branch 'main'
Build web app	Run actions/checkout@v6	2026-06-26T17:06:17.6934829Z branch 'main' set up to track 'origin/main'.
Build web app	Run actions/checkout@v6	2026-06-26T17:06:17.6947322Z ##[endgroup]
Build web app	Run actions/checkout@v6	2026-06-26T17:06:17.7004497Z [command]/usr/bin/git log -1 --format=%H
Build web app	Run actions/checkout@v6	2026-06-26T17:06:17.7035632Z 70d4599ed0a2af9685898466adfca4e118b39e34
Build web app	Setup Node.js	﻿2026-06-26T17:06:17.7304220Z ##[group]Run actions/setup-node@v6
Build web app	Setup Node.js	2026-06-26T17:06:17.7304594Z with:
Build web app	Setup Node.js	2026-06-26T17:06:17.7304786Z   node-version: 24.x
Build web app	Setup Node.js	2026-06-26T17:06:17.7304999Z   cache: npm
Build web app	Setup Node.js	2026-06-26T17:06:17.7305308Z   cache-dependency-path: examples/universal-app/package-lock.json
Build web app	Setup Node.js	2026-06-26T17:06:17.7305710Z   check-latest: false
Build web app	Setup Node.js	2026-06-26T17:06:17.7309153Z   token: ***
Build web app	Setup Node.js	2026-06-26T17:06:17.7309394Z   package-manager-cache: true
Build web app	Setup Node.js	2026-06-26T17:06:17.7309645Z ##[endgroup]
Build web app	Setup Node.js	2026-06-26T17:06:17.8935174Z Found in cache @ /opt/hostedtoolcache/node/24.17.0/x64
Build web app	Setup Node.js	2026-06-26T17:06:17.8940051Z ##[group]Environment details
Build web app	Setup Node.js	2026-06-26T17:06:21.3295346Z node: v24.17.0
Build web app	Setup Node.js	2026-06-26T17:06:21.3295862Z npm: 11.13.0
Build web app	Setup Node.js	2026-06-26T17:06:21.3296192Z yarn: 1.22.22
Build web app	Setup Node.js	2026-06-26T17:06:21.3297710Z ##[endgroup]
Build web app	Setup Node.js	2026-06-26T17:06:21.3317070Z [command]/opt/hostedtoolcache/node/24.17.0/x64/bin/npm config get cache
Build web app	Setup Node.js	2026-06-26T17:06:21.6787068Z /home/runner/.npm
Build web app	Setup Node.js	2026-06-26T17:06:21.9462792Z Cache hit for: node-cache-Linux-x64-npm-c3fdb96c54c657819d363bfcc7a231d9d23fc1642c1368507629cff4f1c70092
Build web app	Setup Node.js	2026-06-26T17:06:23.2436988Z Received 0 of 49241976 (0.0%), 0.0 MBs/sec
Build web app	Setup Node.js	2026-06-26T17:06:23.7683289Z Received 49241976 of 49241976 (100.0%), 30.8 MBs/sec
Build web app	Setup Node.js	2026-06-26T17:06:23.7684536Z Cache Size: ~47 MB (49241976 B)
Build web app	Setup Node.js	2026-06-26T17:06:23.7827864Z [command]/usr/bin/tar -xf /home/runner/work/_temp/894610d2-b0f5-4ca2-8eb0-e4c58f1c1a2d/cache.tzst -P -C /home/runner/work/numbers-vectorization/numbers-vectorization --use-compress-program unzstd
Build web app	Setup Node.js	2026-06-26T17:06:23.9885007Z Cache restored successfully
Build web app	Setup Node.js	2026-06-26T17:06:23.9918161Z Cache restored from key: node-cache-Linux-x64-npm-c3fdb96c54c657819d363bfcc7a231d9d23fc1642c1368507629cff4f1c70092
Build web app	Configure GitHub Pages	﻿2026-06-26T17:06:24.0101680Z ##[group]Run actions/configure-pages@v6
Build web app	Configure GitHub Pages	2026-06-26T17:06:24.0102054Z with:
Build web app	Configure GitHub Pages	2026-06-26T17:06:24.0105090Z   token: ***
Build web app	Configure GitHub Pages	2026-06-26T17:06:24.0105303Z   enablement: false
Build web app	Configure GitHub Pages	2026-06-26T17:06:24.0105532Z ##[endgroup]
Build web app	Install app dependencies	﻿2026-06-26T17:06:24.4028562Z ##[group]Run npm ci --prefix examples/universal-app
Build web app	Install app dependencies	2026-06-26T17:06:24.4029088Z ^[[36;1mnpm ci --prefix examples/universal-app^[[0m
Build web app	Install app dependencies	2026-06-26T17:06:24.4262978Z shell: /usr/bin/bash -e {0}
Build web app	Install app dependencies	2026-06-26T17:06:24.4263370Z env:
Build web app	Install app dependencies	2026-06-26T17:06:24.4263628Z   GITHUB_PAGES: true
Build web app	Install app dependencies	2026-06-26T17:06:24.4264108Z ##[endgroup]
Build web app	Install app dependencies	2026-06-26T17:06:26.6538562Z npm warn skipping integrity check for git dependency ssh://git@github.com/electron/node-gyp.git
Build web app	Install app dependencies	2026-06-26T17:06:28.2209774Z npm warn deprecated inflight@1.0.6: This module is not supported, and leaks memory. Do not use it. Check out lru-cache if you want a good and tested way to coalesce async requests by a key value, which is much more comprehensive and powerful.
Build web app	Install app dependencies	2026-06-26T17:06:28.2228578Z npm warn deprecated gar@1.0.4: Package no longer supported. Contact Support at https://www.npmjs.com/support for more info.
Build web app	Install app dependencies	2026-06-26T17:06:28.2533072Z npm warn deprecated lodash.get@4.4.2: This package is deprecated. Use the optional chaining (?.) operator instead.
Build web app	Install app dependencies	2026-06-26T17:06:28.2651883Z npm warn deprecated @npmcli/move-file@2.0.1: This functionality has been moved to @npmcli/fs
Build web app	Install app dependencies	2026-06-26T17:06:28.2935438Z npm warn deprecated rimraf@2.6.3: Rimraf versions prior to v4 are no longer supported
Build web app	Install app dependencies	2026-06-26T17:06:28.3391668Z npm warn deprecated rimraf@3.0.2: Rimraf versions prior to v4 are no longer supported
Build web app	Install app dependencies	2026-06-26T17:06:28.3399635Z npm warn deprecated rimraf@3.0.2: Rimraf versions prior to v4 are no longer supported
Build web app	Install app dependencies	2026-06-26T17:06:28.3947877Z npm warn deprecated glob@7.2.3: Old versions of glob are not supported, and contain widely publicized security vulnerabilities, which have been fixed in the current version. Please update. Support for old versions may be purchased (at exorbitant rates) by contacting i@izs.me
Build web app	Install app dependencies	2026-06-26T17:06:28.4047453Z npm warn deprecated glob@7.2.3: Old versions of glob are not supported, and contain widely publicized security vulnerabilities, which have been fixed in the current version. Please update. Support for old versions may be purchased (at exorbitant rates) by contacting i@izs.me
Build web app	Install app dependencies	2026-06-26T17:06:28.4057550Z npm warn deprecated glob@8.1.0: Old versions of glob are not supported, and contain widely publicized security vulnerabilities, which have been fixed in the current version. Please update. Support for old versions may be purchased (at exorbitant rates) by contacting i@izs.me
Build web app	Install app dependencies	2026-06-26T17:06:28.4074170Z npm warn deprecated glob@8.1.0: Old versions of glob are not supported, and contain widely publicized security vulnerabilities, which have been fixed in the current version. Please update. Support for old versions may be purchased (at exorbitant rates) by contacting i@izs.me
Build web app	Install app dependencies	2026-06-26T17:06:29.0266103Z npm warn deprecated boolean@3.2.0: Package no longer supported. Contact Support at https://www.npmjs.com/support for more info.
Build web app	Install app dependencies	2026-06-26T17:06:29.3309769Z npm warn deprecated tar@6.2.1: Old versions of tar are not supported, and contain widely publicized security vulnerabilities, which have been fixed in the current version. Please update. Support for old versions may be purchased (at exorbitant rates) by contacting i@izs.me
Build web app	Install app dependencies	2026-06-26T17:06:29.3317847Z npm warn deprecated tar@6.2.1: Old versions of tar are not supported, and contain widely publicized security vulnerabilities, which have been fixed in the current version. Please update. Support for old versions may be purchased (at exorbitant rates) by contacting i@izs.me
Build web app	Install app dependencies	2026-06-26T17:06:29.3326351Z npm warn deprecated tar@6.2.1: Old versions of tar are not supported, and contain widely publicized security vulnerabilities, which have been fixed in the current version. Please update. Support for old versions may be purchased (at exorbitant rates) by contacting i@izs.me
Build web app	Install app dependencies	2026-06-26T17:06:32.6821672Z
Build web app	Install app dependencies	2026-06-26T17:06:32.6822462Z added 645 packages, and audited 646 packages in 8s
Build web app	Install app dependencies	2026-06-26T17:06:32.6822973Z
Build web app	Install app dependencies	2026-06-26T17:06:32.6823313Z 102 packages are looking for funding
Build web app	Install app dependencies	2026-06-26T17:06:32.6824160Z   run `npm fund` for details
Build web app	Install app dependencies	2026-06-26T17:06:32.7673384Z
Build web app	Install app dependencies	2026-06-26T17:06:32.7674350Z 28 vulnerabilities (4 low, 24 high)
Build web app	Install app dependencies	2026-06-26T17:06:32.7675355Z
Build web app	Install app dependencies	2026-06-26T17:06:32.7675656Z To address issues that do not require attention, run:
Build web app	Install app dependencies	2026-06-26T17:06:32.7676103Z   npm audit fix
Build web app	Install app dependencies	2026-06-26T17:06:32.7676272Z
Build web app	Install app dependencies	2026-06-26T17:06:32.7677093Z To address all issues possible (including breaking changes), run:
Build web app	Install app dependencies	2026-06-26T17:06:32.7677848Z   npm audit fix --force
Build web app	Install app dependencies	2026-06-26T17:06:32.7678047Z
Build web app	Install app dependencies	2026-06-26T17:06:32.7678529Z Some issues need review, and may require choosing
Build web app	Install app dependencies	2026-06-26T17:06:32.7679121Z a different dependency.
Build web app	Install app dependencies	2026-06-26T17:06:32.7679445Z
Build web app	Install app dependencies	2026-06-26T17:06:32.7679715Z Run `npm audit` for details.
Build web app	Build app	﻿2026-06-26T17:06:32.8490147Z ##[group]Run npm run example:web:build
Build web app	Build app	2026-06-26T17:06:32.8490539Z ^[[36;1mnpm run example:web:build^[[0m
Build web app	Build app	2026-06-26T17:06:32.8523880Z shell: /usr/bin/bash -e {0}
Build web app	Build app	2026-06-26T17:06:32.8524177Z env:
Build web app	Build app	2026-06-26T17:06:32.8524397Z   GITHUB_PAGES: true
Build web app	Build app	2026-06-26T17:06:32.8524776Z   VITE_REPOSITORY_URL: https://github.com/konard/numbers-vectorization
Build web app	Build app	2026-06-26T17:06:32.8525182Z ##[endgroup]
Build web app	Build app	2026-06-26T17:06:32.9688562Z
Build web app	Build app	2026-06-26T17:06:32.9689543Z > @link-foundation/example-package-name@0.11.12 example:web:build
Build web app	Build app	2026-06-26T17:06:32.9690541Z > npm --prefix examples/universal-app run build
Build web app	Build app	2026-06-26T17:06:32.9690997Z
Build web app	Build app	2026-06-26T17:06:33.0715500Z
Build web app	Build app	2026-06-26T17:06:33.0716287Z > universal-example-app@0.1.0 build
Build web app	Build app	2026-06-26T17:06:33.0717250Z > vite build
Build web app	Build app	2026-06-26T17:06:33.0717499Z
Build web app	Build app	2026-06-26T17:06:33.2800710Z ^[[36mvite v6.4.2 ^[[32mbuilding for production...^[[36m^[[39m
Build web app	Build app	2026-06-26T17:06:33.3372543Z transforming...
Build web app	Build app	2026-06-26T17:06:33.9743967Z ^[[32m✓^[[39m 24 modules transformed.
Build web app	Build app	2026-06-26T17:06:34.0851114Z rendering chunks...
Build web app	Build app	2026-06-26T17:06:34.0907476Z computing gzip size...
Build web app	Build app	2026-06-26T17:06:34.0978490Z ^[[2mdist/^[[22m^[[32mindex.html                 ^[[39m^[[1m^[[2m  0.67 kB^[[22m^[[1m^[[22m^[[2m │ gzip:  0.37 kB^[[22m
Build web app	Build app	2026-06-26T17:06:34.0979785Z ^[[2mdist/^[[22m^[[2massets/^[[22m^[[35mindex-C2IizFp6.css  ^[[39m^[[1m^[[2m  5.11 kB^[[22m^[[1m^[[22m^[[2m │ gzip:  1.68 kB^[[22m
Build web app	Build app	2026-06-26T17:06:34.0981064Z ^[[2mdist/^[[22m^[[2massets/^[[22m^[[36mindex-C49_oBaE.js   ^[[39m^[[1m^[[2m210.62 kB^[[22m^[[1m^[[22m^[[2m │ gzip: 61.84 kB^[[22m
Build web app	Build app	2026-06-26T17:06:34.0982173Z ^[[32m✓ built in 791ms^[[39m
Build web app	Upload web build artifact	﻿2026-06-26T17:06:34.1408447Z ##[group]Run actions/upload-artifact@v7
Build web app	Upload web build artifact	2026-06-26T17:06:34.1408776Z with:
Build web app	Upload web build artifact	2026-06-26T17:06:34.1409007Z   name: universal-example-web
Build web app	Upload web build artifact	2026-06-26T17:06:34.1409278Z   path: examples/universal-app/dist
Build web app	Upload web build artifact	2026-06-26T17:06:34.1409555Z   if-no-files-found: error
Build web app	Upload web build artifact	2026-06-26T17:06:34.1409798Z   compression-level: 6
Build web app	Upload web build artifact	2026-06-26T17:06:34.1410015Z   overwrite: false
Build web app	Upload web build artifact	2026-06-26T17:06:34.1410229Z   include-hidden-files: false
Build web app	Upload web build artifact	2026-06-26T17:06:34.1410467Z   archive: true
Build web app	Upload web build artifact	2026-06-26T17:06:34.1410657Z env:
Build web app	Upload web build artifact	2026-06-26T17:06:34.1410842Z   GITHUB_PAGES: true
Build web app	Upload web build artifact	2026-06-26T17:06:34.1411046Z ##[endgroup]
Build web app	Upload web build artifact	2026-06-26T17:06:34.2947124Z With the provided path, there will be 4 files uploaded
Build web app	Upload web build artifact	2026-06-26T17:06:34.2954299Z Artifact name is valid!
Build web app	Upload web build artifact	2026-06-26T17:06:34.2955412Z Root directory input is valid!
Build web app	Upload web build artifact	2026-06-26T17:06:34.6405208Z Uploading artifact: universal-example-web.zip
Build web app	Upload web build artifact	2026-06-26T17:06:34.6450027Z Beginning upload of artifact content to blob storage
Build web app	Upload web build artifact	2026-06-26T17:06:35.0929724Z Uploaded bytes 64526
Build web app	Upload web build artifact	2026-06-26T17:06:35.1666623Z Finished uploading artifact content to blob storage!
Build web app	Upload web build artifact	2026-06-26T17:06:35.1668124Z SHA256 digest of uploaded artifact is 700106268359860e98aa5e105e983f45cebc7e02188dde1d1ca0dac12ba5e4aa
Build web app	Upload web build artifact	2026-06-26T17:06:35.1668837Z Finalizing artifact upload
Build web app	Upload web build artifact	2026-06-26T17:06:35.5363660Z Artifact universal-example-web successfully finalized. Artifact ID 7911652189
Build web app	Upload web build artifact	2026-06-26T17:06:35.5365027Z Artifact universal-example-web has been successfully uploaded! Final size is 64526 bytes. Artifact ID is 7911652189
Build web app	Upload web build artifact	2026-06-26T17:06:35.5371417Z Artifact download URL: https://github.com/konard/numbers-vectorization/actions/runs/28250265337/artifacts/7911652189
Build web app	Upload GitHub Pages artifact	﻿2026-06-26T17:06:35.5554986Z ##[group]Run actions/upload-pages-artifact@v5
Build web app	Upload GitHub Pages artifact	2026-06-26T17:06:35.5555377Z with:
Build web app	Upload GitHub Pages artifact	2026-06-26T17:06:35.5555611Z   path: examples/universal-app/dist
Build web app	Upload GitHub Pages artifact	2026-06-26T17:06:35.5555896Z   name: github-pages
Build web app	Upload GitHub Pages artifact	2026-06-26T17:06:35.5556125Z   retention-days: 1
Build web app	Upload GitHub Pages artifact	2026-06-26T17:06:35.5556364Z   include-hidden-files: false
Build web app	Upload GitHub Pages artifact	2026-06-26T17:06:35.5556940Z env:
Build web app	Upload GitHub Pages artifact	2026-06-26T17:06:35.5557135Z   GITHUB_PAGES: true
Build web app	Upload GitHub Pages artifact	2026-06-26T17:06:35.5557352Z ##[endgroup]
Build web app	Upload GitHub Pages artifact	2026-06-26T17:06:35.5641735Z ##[group]Run echo ::group::Archive artifact
Build web app	Upload GitHub Pages artifact	2026-06-26T17:06:35.5642115Z ^[[36;1mecho ::group::Archive artifact^[[0m
Build web app	Upload GitHub Pages artifact	2026-06-26T17:06:35.5642392Z ^[[36;1mtar \^[[0m
Build web app	Upload GitHub Pages artifact	2026-06-26T17:06:35.5642643Z ^[[36;1m  --dereference --hard-dereference \^[[0m
Build web app	Upload GitHub Pages artifact	2026-06-26T17:06:35.5642975Z ^[[36;1m  --directory "$INPUT_PATH" \^[[0m
Build web app	Upload GitHub Pages artifact	2026-06-26T17:06:35.5643287Z ^[[36;1m  -cvf "$RUNNER_TEMP/artifact.tar" \^[[0m
Build web app	Upload GitHub Pages artifact	2026-06-26T17:06:35.5643588Z ^[[36;1m  --exclude=.git \^[[0m
Build web app	Upload GitHub Pages artifact	2026-06-26T17:06:35.5643856Z ^[[36;1m  --exclude=.github \^[[0m
Build web app	Upload GitHub Pages artifact	2026-06-26T17:06:35.5644118Z ^[[36;1m  --exclude=.[^/]* \^[[0m
Build web app	Upload GitHub Pages artifact	2026-06-26T17:06:35.5644429Z ^[[36;1m  .^[[0m
Build web app	Upload GitHub Pages artifact	2026-06-26T17:06:35.5644635Z ^[[36;1mecho ::endgroup::^[[0m
Build web app	Upload GitHub Pages artifact	2026-06-26T17:06:35.5884974Z shell: /usr/bin/sh -e {0}
Build web app	Upload GitHub Pages artifact	2026-06-26T17:06:35.5885292Z env:
Build web app	Upload GitHub Pages artifact	2026-06-26T17:06:35.5885505Z   GITHUB_PAGES: true
Build web app	Upload GitHub Pages artifact	2026-06-26T17:06:35.5885775Z   INPUT_PATH: examples/universal-app/dist
Build web app	Upload GitHub Pages artifact	2026-06-26T17:06:35.5886081Z ##[endgroup]
Build web app	Upload GitHub Pages artifact	2026-06-26T17:06:35.5963090Z ##[group]Archive artifact
Build web app	Upload GitHub Pages artifact	2026-06-26T17:06:35.5976726Z ./
Build web app	Upload GitHub Pages artifact	2026-06-26T17:06:35.5977087Z ./favicon.svg
Build web app	Upload GitHub Pages artifact	2026-06-26T17:06:35.5977319Z ./assets/
Build web app	Upload GitHub Pages artifact	2026-06-26T17:06:35.5977580Z ./assets/index-C2IizFp6.css
Build web app	Upload GitHub Pages artifact	2026-06-26T17:06:35.5979345Z ./assets/index-C49_oBaE.js
Build web app	Upload GitHub Pages artifact	2026-06-26T17:06:35.5979623Z ./index.html
Build web app	Upload GitHub Pages artifact	2026-06-26T17:06:35.5982418Z ##[endgroup]
Build web app	Upload GitHub Pages artifact	2026-06-26T17:06:35.6040725Z ##[group]Run actions/upload-artifact@bbbca2ddaa5d8feaa63e36b76fdaad77386f024f
Build web app	Upload GitHub Pages artifact	2026-06-26T17:06:35.6041174Z with:
Build web app	Upload GitHub Pages artifact	2026-06-26T17:06:35.6041397Z   name: github-pages
Build web app	Upload GitHub Pages artifact	2026-06-26T17:06:35.6041656Z   path: /home/runner/work/_temp/artifact.tar
Build web app	Upload GitHub Pages artifact	2026-06-26T17:06:35.6041955Z   retention-days: 1
Build web app	Upload GitHub Pages artifact	2026-06-26T17:06:35.6042213Z   if-no-files-found: error
Build web app	Upload GitHub Pages artifact	2026-06-26T17:06:35.6042459Z   compression-level: 6
Build web app	Upload GitHub Pages artifact	2026-06-26T17:06:35.6042692Z   overwrite: false
Build web app	Upload GitHub Pages artifact	2026-06-26T17:06:35.6042910Z   include-hidden-files: false
Build web app	Upload GitHub Pages artifact	2026-06-26T17:06:35.6043157Z   archive: true
Build web app	Upload GitHub Pages artifact	2026-06-26T17:06:35.6043360Z env:
Build web app	Upload GitHub Pages artifact	2026-06-26T17:06:35.6043547Z   GITHUB_PAGES: true
Build web app	Upload GitHub Pages artifact	2026-06-26T17:06:35.6043762Z ##[endgroup]
Build web app	Upload GitHub Pages artifact	2026-06-26T17:06:35.7516932Z With the provided path, there will be 1 file uploaded
Build web app	Upload GitHub Pages artifact	2026-06-26T17:06:35.7527318Z Artifact name is valid!
Build web app	Upload GitHub Pages artifact	2026-06-26T17:06:35.7528010Z Root directory input is valid!
Build web app	Upload GitHub Pages artifact	2026-06-26T17:06:36.0653490Z Uploading artifact: github-pages.zip
Build web app	Upload GitHub Pages artifact	2026-06-26T17:06:36.0698936Z Beginning upload of artifact content to blob storage
Build web app	Upload GitHub Pages artifact	2026-06-26T17:06:36.5457247Z Uploaded bytes 64445
Build web app	Upload GitHub Pages artifact	2026-06-26T17:06:36.6253006Z Finished uploading artifact content to blob storage!
Build web app	Upload GitHub Pages artifact	2026-06-26T17:06:36.6254851Z SHA256 digest of uploaded artifact is 7a6b1c6eeb0421820da89f7eecb8afea490105c87d0812e27f149488d3fc4674
Build web app	Upload GitHub Pages artifact	2026-06-26T17:06:36.6256275Z Finalizing artifact upload
Build web app	Upload GitHub Pages artifact	2026-06-26T17:06:37.0139264Z Artifact github-pages successfully finalized. Artifact ID 7911652667
Build web app	Upload GitHub Pages artifact	2026-06-26T17:06:37.0141051Z Artifact github-pages has been successfully uploaded! Final size is 64445 bytes. Artifact ID is 7911652667
Build web app	Upload GitHub Pages artifact	2026-06-26T17:06:37.0144465Z Artifact download URL: https://github.com/konard/numbers-vectorization/actions/runs/28250265337/artifacts/7911652667
Build web app	Post Setup Node.js	﻿2026-06-26T17:06:37.0353964Z Post job cleanup.
Build web app	Post Setup Node.js	2026-06-26T17:06:37.1552613Z Cache hit occurred on the primary key node-cache-Linux-x64-npm-c3fdb96c54c657819d363bfcc7a231d9d23fc1642c1368507629cff4f1c70092, not saving cache.
Build web app	Post Run actions/checkout@v6	﻿2026-06-26T17:06:37.1683745Z Post job cleanup.
Build web app	Post Run actions/checkout@v6	2026-06-26T17:06:37.2583199Z [command]/usr/bin/git version
Build web app	Post Run actions/checkout@v6	2026-06-26T17:06:37.2624602Z git version 2.54.0
Build web app	Post Run actions/checkout@v6	2026-06-26T17:06:37.2670173Z Temporarily overriding HOME='/home/runner/work/_temp/9e3a5fc3-f9b0-44ee-851f-9306fe8764b4' before making global git config changes
Build web app	Post Run actions/checkout@v6	2026-06-26T17:06:37.2671904Z Adding repository directory to the temporary git global config as a safe directory
Build web app	Post Run actions/checkout@v6	2026-06-26T17:06:37.2677851Z [command]/usr/bin/git config --global --add safe.directory /home/runner/work/numbers-vectorization/numbers-vectorization
Build web app	Post Run actions/checkout@v6	2026-06-26T17:06:37.2713687Z Removing SSH command configuration
Build web app	Post Run actions/checkout@v6	2026-06-26T17:06:37.2721958Z [command]/usr/bin/git config --local --name-only --get-regexp core\.sshCommand
Build web app	Post Run actions/checkout@v6	2026-06-26T17:06:37.2761761Z [command]/usr/bin/git submodule foreach --recursive sh -c "git config --local --name-only --get-regexp 'core\.sshCommand' && git config --local --unset-all 'core.sshCommand' || :"
Build web app	Post Run actions/checkout@v6	2026-06-26T17:06:37.2998543Z Removing HTTP extra header
Build web app	Post Run actions/checkout@v6	2026-06-26T17:06:37.3004538Z [command]/usr/bin/git config --local --name-only --get-regexp http\.https\:\/\/github\.com\/\.extraheader
Build web app	Post Run actions/checkout@v6	2026-06-26T17:06:37.3043051Z [command]/usr/bin/git submodule foreach --recursive sh -c "git config --local --name-only --get-regexp 'http\.https\:\/\/github\.com\/\.extraheader' && git config --local --unset-all 'http.https://github.com/.extraheader' || :"
Build web app	Post Run actions/checkout@v6	2026-06-26T17:06:37.3278465Z Removing includeIf entries pointing to credentials config files
Build web app	Post Run actions/checkout@v6	2026-06-26T17:06:37.3286272Z [command]/usr/bin/git config --local --name-only --get-regexp ^includeIf\.gitdir:
Build web app	Post Run actions/checkout@v6	2026-06-26T17:06:37.3320520Z includeif.gitdir:/home/runner/work/numbers-vectorization/numbers-vectorization/.git.path
Build web app	Post Run actions/checkout@v6	2026-06-26T17:06:37.3322456Z includeif.gitdir:/home/runner/work/numbers-vectorization/numbers-vectorization/.git/worktrees/*.path
Build web app	Post Run actions/checkout@v6	2026-06-26T17:06:37.3323869Z includeif.gitdir:/github/workspace/.git.path
Build web app	Post Run actions/checkout@v6	2026-06-26T17:06:37.3324987Z includeif.gitdir:/github/workspace/.git/worktrees/*.path
Build web app	Post Run actions/checkout@v6	2026-06-26T17:06:37.3330733Z [command]/usr/bin/git config --local --get-all includeif.gitdir:/home/runner/work/numbers-vectorization/numbers-vectorization/.git.path
Build web app	Post Run actions/checkout@v6	2026-06-26T17:06:37.3360028Z /home/runner/work/_temp/git-credentials-0e792818-61ce-485b-a486-b4e072ec53d9.config
Build web app	Post Run actions/checkout@v6	2026-06-26T17:06:37.3373560Z [command]/usr/bin/git config --local --unset includeif.gitdir:/home/runner/work/numbers-vectorization/numbers-vectorization/.git.path /home/runner/work/_temp/git-credentials-0e792818-61ce-485b-a486-b4e072ec53d9.config
Build web app	Post Run actions/checkout@v6	2026-06-26T17:06:37.3423986Z [command]/usr/bin/git config --local --get-all includeif.gitdir:/home/runner/work/numbers-vectorization/numbers-vectorization/.git/worktrees/*.path
Build web app	Post Run actions/checkout@v6	2026-06-26T17:06:37.3452142Z /home/runner/work/_temp/git-credentials-0e792818-61ce-485b-a486-b4e072ec53d9.config
Build web app	Post Run actions/checkout@v6	2026-06-26T17:06:37.3468960Z [command]/usr/bin/git config --local --unset includeif.gitdir:/home/runner/work/numbers-vectorization/numbers-vectorization/.git/worktrees/*.path /home/runner/work/_temp/git-credentials-0e792818-61ce-485b-a486-b4e072ec53d9.config
Build web app	Post Run actions/checkout@v6	2026-06-26T17:06:37.3511378Z [command]/usr/bin/git config --local --get-all includeif.gitdir:/github/workspace/.git.path
Build web app	Post Run actions/checkout@v6	2026-06-26T17:06:37.3540884Z /github/runner_temp/git-credentials-0e792818-61ce-485b-a486-b4e072ec53d9.config
Build web app	Post Run actions/checkout@v6	2026-06-26T17:06:37.3553515Z [command]/usr/bin/git config --local --unset includeif.gitdir:/github/workspace/.git.path /github/runner_temp/git-credentials-0e792818-61ce-485b-a486-b4e072ec53d9.config
Build web app	Post Run actions/checkout@v6	2026-06-26T17:06:37.3596329Z [command]/usr/bin/git config --local --get-all includeif.gitdir:/github/workspace/.git/worktrees/*.path
Build web app	Post Run actions/checkout@v6	2026-06-26T17:06:37.3623906Z /github/runner_temp/git-credentials-0e792818-61ce-485b-a486-b4e072ec53d9.config
Build web app	Post Run actions/checkout@v6	2026-06-26T17:06:37.3637576Z [command]/usr/bin/git config --local --unset includeif.gitdir:/github/workspace/.git/worktrees/*.path /github/runner_temp/git-credentials-0e792818-61ce-485b-a486-b4e072ec53d9.config
Build web app	Post Run actions/checkout@v6	2026-06-26T17:06:37.3680560Z [command]/usr/bin/git submodule foreach --recursive git config --local --show-origin --name-only --get-regexp remote.origin.url
Build web app	Post Run actions/checkout@v6	2026-06-26T17:06:37.3943175Z Removing credentials config '/home/runner/work/_temp/git-credentials-0e792818-61ce-485b-a486-b4e072ec53d9.config'
Build web app	Complete job	﻿2026-06-26T17:06:37.4089532Z Cleaning up orphan processes
Regenerate Preview Images	Set up job	﻿2026-06-26T17:06:13.4412041Z Current runner version: '2.335.1'
Regenerate Preview Images	Set up job	2026-06-26T17:06:13.4448432Z ##[group]Runner Image Provisioner
Regenerate Preview Images	Set up job	2026-06-26T17:06:13.4449745Z Hosted Compute Agent
Regenerate Preview Images	Set up job	2026-06-26T17:06:13.4450845Z Version: 20260611.554
Regenerate Preview Images	Set up job	2026-06-26T17:06:13.4451930Z Commit: 5e0782fdc9014723d3be820dd114dd31555c2bd1
Regenerate Preview Images	Set up job	2026-06-26T17:06:13.4453253Z Build Date: 2026-06-11T21:40:46Z
Regenerate Preview Images	Set up job	2026-06-26T17:06:13.4454417Z Worker ID: {adf64401-ce27-4a91-8bc2-20390d3970bf}
Regenerate Preview Images	Set up job	2026-06-26T17:06:13.4455614Z Azure Region: eastus
Regenerate Preview Images	Set up job	2026-06-26T17:06:13.4456654Z ##[endgroup]
Regenerate Preview Images	Set up job	2026-06-26T17:06:13.4459408Z ##[group]Operating System
Regenerate Preview Images	Set up job	2026-06-26T17:06:13.4460503Z Ubuntu
Regenerate Preview Images	Set up job	2026-06-26T17:06:13.4461381Z 24.04.4
Regenerate Preview Images	Set up job	2026-06-26T17:06:13.4462218Z LTS
Regenerate Preview Images	Set up job	2026-06-26T17:06:13.4463258Z ##[endgroup]
Regenerate Preview Images	Set up job	2026-06-26T17:06:13.4464234Z ##[group]Runner Image
Regenerate Preview Images	Set up job	2026-06-26T17:06:13.4465316Z Image: ubuntu-24.04
Regenerate Preview Images	Set up job	2026-06-26T17:06:13.4466364Z Version: 20260622.220.1
Regenerate Preview Images	Set up job	2026-06-26T17:06:13.4468441Z Included Software: https://github.com/actions/runner-images/blob/ubuntu24/20260622.220/images/ubuntu/Ubuntu2404-Readme.md
Regenerate Preview Images	Set up job	2026-06-26T17:06:13.4471480Z Image Release: https://github.com/actions/runner-images/releases/tag/ubuntu24%2F20260622.220
Regenerate Preview Images	Set up job	2026-06-26T17:06:13.4473309Z ##[endgroup]
Regenerate Preview Images	Set up job	2026-06-26T17:06:13.4475125Z ##[group]GITHUB_TOKEN Permissions
Regenerate Preview Images	Set up job	2026-06-26T17:06:13.4478244Z Contents: write
Regenerate Preview Images	Set up job	2026-06-26T17:06:13.4479201Z Metadata: read
Regenerate Preview Images	Set up job	2026-06-26T17:06:13.4480198Z ##[endgroup]
Regenerate Preview Images	Set up job	2026-06-26T17:06:13.4483120Z Secret source: Actions
Regenerate Preview Images	Set up job	2026-06-26T17:06:13.4484389Z Prepare workflow directory
Regenerate Preview Images	Set up job	2026-06-26T17:06:13.5090064Z Prepare all required actions
Regenerate Preview Images	Set up job	2026-06-26T17:06:13.5129362Z Getting action download info
Regenerate Preview Images	Set up job	2026-06-26T17:06:13.6924558Z Download action repository 'actions/checkout@v6' (SHA:df4cb1c069e1874edd31b4311f1884172cec0e10)
Regenerate Preview Images	Set up job	2026-06-26T17:06:13.7922819Z Download action repository 'actions/upload-artifact@v7' (SHA:043fb46d1a93c77aae656e7c1c64a875d1fc6a0a)
Regenerate Preview Images	Set up job	2026-06-26T17:06:13.9947370Z Complete job name: Regenerate Preview Images
Regenerate Preview Images	Initialize containers	﻿2026-06-26T17:06:14.0542059Z ##[group]Checking docker version
Regenerate Preview Images	Initialize containers	2026-06-26T17:06:14.0558783Z ##[command]/usr/bin/docker version --format '{{.Server.APIVersion}}'
Regenerate Preview Images	Initialize containers	2026-06-26T17:06:14.5678718Z '1.48'
Regenerate Preview Images	Initialize containers	2026-06-26T17:06:14.5691500Z Docker daemon API version: '1.48'
Regenerate Preview Images	Initialize containers	2026-06-26T17:06:14.5692514Z ##[command]/usr/bin/docker version --format '{{.Client.APIVersion}}'
Regenerate Preview Images	Initialize containers	2026-06-26T17:06:14.5872957Z '1.48'
Regenerate Preview Images	Initialize containers	2026-06-26T17:06:14.5887368Z Docker client API version: '1.48'
Regenerate Preview Images	Initialize containers	2026-06-26T17:06:14.5893597Z ##[endgroup]
Regenerate Preview Images	Initialize containers	2026-06-26T17:06:14.5896638Z ##[group]Clean up resources from previous jobs
Regenerate Preview Images	Initialize containers	2026-06-26T17:06:14.5902972Z ##[command]/usr/bin/docker ps --all --quiet --no-trunc --filter "label=02720b"
Regenerate Preview Images	Initialize containers	2026-06-26T17:06:14.6055348Z ##[command]/usr/bin/docker network prune --force --filter "label=02720b"
Regenerate Preview Images	Initialize containers	2026-06-26T17:06:14.6198464Z ##[endgroup]
Regenerate Preview Images	Initialize containers	2026-06-26T17:06:14.6199098Z ##[group]Create local container network
Regenerate Preview Images	Initialize containers	2026-06-26T17:06:14.6210217Z ##[command]/usr/bin/docker network create --label 02720b github_network_fd596d1304cc41abbe72e96bacab7c59
Regenerate Preview Images	Initialize containers	2026-06-26T17:06:14.6780296Z fdeab1d3f7690bbfbd09427b405d6e6c15d62bdbc65ceffe51076650b4900b15
Regenerate Preview Images	Initialize containers	2026-06-26T17:06:14.6791428Z ##[endgroup]
Regenerate Preview Images	Initialize containers	2026-06-26T17:06:14.6817073Z ##[group]Starting job container
Regenerate Preview Images	Initialize containers	2026-06-26T17:06:14.6841108Z ##[command]/usr/bin/docker pull mcr.microsoft.com/playwright:v1.59.1-noble
Regenerate Preview Images	Initialize containers	2026-06-26T17:06:14.8425391Z v1.59.1-noble: Pulling from playwright
Regenerate Preview Images	Initialize containers	2026-06-26T17:06:14.8815430Z 18dbadc1f2f9: Pulling fs layer
Regenerate Preview Images	Initialize containers	2026-06-26T17:06:14.8818135Z 0087bd18691f: Pulling fs layer
Regenerate Preview Images	Initialize containers	2026-06-26T17:06:14.8820174Z b59ffadf3f32: Pulling fs layer
Regenerate Preview Images	Initialize containers	2026-06-26T17:06:14.8822282Z 824c9c26fa20: Pulling fs layer
Regenerate Preview Images	Initialize containers	2026-06-26T17:06:14.8824138Z 824c9c26fa20: Waiting
Regenerate Preview Images	Initialize containers	2026-06-26T17:06:14.9720682Z b59ffadf3f32: Download complete
Regenerate Preview Images	Initialize containers	2026-06-26T17:06:15.0560296Z 18dbadc1f2f9: Verifying Checksum
Regenerate Preview Images	Initialize containers	2026-06-26T17:06:15.0562371Z 18dbadc1f2f9: Download complete
Regenerate Preview Images	Initialize containers	2026-06-26T17:06:15.3807565Z 0087bd18691f: Verifying Checksum
Regenerate Preview Images	Initialize containers	2026-06-26T17:06:15.3809529Z 0087bd18691f: Download complete
Regenerate Preview Images	Initialize containers	2026-06-26T17:06:16.4069762Z 18dbadc1f2f9: Pull complete
Regenerate Preview Images	Initialize containers	2026-06-26T17:06:18.1062421Z 824c9c26fa20: Verifying Checksum
Regenerate Preview Images	Initialize containers	2026-06-26T17:06:18.1063587Z 824c9c26fa20: Download complete
Regenerate Preview Images	Initialize containers	2026-06-26T17:06:23.5949325Z 0087bd18691f: Pull complete
Regenerate Preview Images	Initialize containers	2026-06-26T17:06:23.6176318Z b59ffadf3f32: Pull complete
Regenerate Preview Images	Initialize containers	2026-06-26T17:06:38.7454894Z 824c9c26fa20: Pull complete
Regenerate Preview Images	Initialize containers	2026-06-26T17:06:38.7505947Z Digest: sha256:b0ab6f3cb99aa7803adbc14d9027ec1785fc6e433b97e134e0f8fe61683b6b53
Regenerate Preview Images	Initialize containers	2026-06-26T17:06:38.7522114Z Status: Downloaded newer image for mcr.microsoft.com/playwright:v1.59.1-noble
Regenerate Preview Images	Initialize containers	2026-06-26T17:06:38.7531015Z mcr.microsoft.com/playwright:v1.59.1-noble
Regenerate Preview Images	Initialize containers	2026-06-26T17:06:38.7626188Z ##[command]/usr/bin/docker create --name 2f5cf88bfe71465e9d3be5a9c748a9b3_mcrmicrosoftcomplaywrightv1591noble_af9401 --label 02720b --workdir /__w/numbers-vectorization/numbers-vectorization --network github_network_fd596d1304cc41abbe72e96bacab7c59  -e "HOME=/github/home" -e GITHUB_ACTIONS=true -e CI=true -v "/var/run/docker.sock":"/var/run/docker.sock" -v "/home/runner/work":"/__w" -v "/home/runner/actions-runner/cached/2.335.1/externals":"/__e":ro -v "/home/runner/work/_temp":"/__w/_temp" -v "/home/runner/work/_actions":"/__w/_actions" -v "/opt/hostedtoolcache":"/__t" -v "/home/runner/work/_temp/_github_home":"/github/home" -v "/home/runner/work/_temp/_github_workflow":"/github/workflow" --entrypoint "tail" mcr.microsoft.com/playwright:v1.59.1-noble "-f" "/dev/null"
Regenerate Preview Images	Initialize containers	2026-06-26T17:06:38.7956070Z 6ea8b8f8713404b3bb3be83a9463ddf46393bfc6b0dc17d17db1af274d80bca0
Regenerate Preview Images	Initialize containers	2026-06-26T17:06:38.7981495Z ##[command]/usr/bin/docker start 6ea8b8f8713404b3bb3be83a9463ddf46393bfc6b0dc17d17db1af274d80bca0
Regenerate Preview Images	Initialize containers	2026-06-26T17:06:38.9958621Z 6ea8b8f8713404b3bb3be83a9463ddf46393bfc6b0dc17d17db1af274d80bca0
Regenerate Preview Images	Initialize containers	2026-06-26T17:06:38.9979102Z ##[command]/usr/bin/docker ps --all --filter id=6ea8b8f8713404b3bb3be83a9463ddf46393bfc6b0dc17d17db1af274d80bca0 --filter status=running --no-trunc --format "{{.ID}} {{.Status}}"
Regenerate Preview Images	Initialize containers	2026-06-26T17:06:39.0103698Z 6ea8b8f8713404b3bb3be83a9463ddf46393bfc6b0dc17d17db1af274d80bca0 Up Less than a second
Regenerate Preview Images	Initialize containers	2026-06-26T17:06:39.0125023Z ##[command]/usr/bin/docker inspect --format "{{range .Config.Env}}{{println .}}{{end}}" 6ea8b8f8713404b3bb3be83a9463ddf46393bfc6b0dc17d17db1af274d80bca0
Regenerate Preview Images	Initialize containers	2026-06-26T17:06:39.0247665Z HOME=/github/home
Regenerate Preview Images	Initialize containers	2026-06-26T17:06:39.0248422Z GITHUB_ACTIONS=true
Regenerate Preview Images	Initialize containers	2026-06-26T17:06:39.0248787Z CI=true
Regenerate Preview Images	Initialize containers	2026-06-26T17:06:39.0249367Z PATH=/usr/local/sbin:/usr/local/bin:/usr/sbin:/usr/bin:/sbin:/bin
Regenerate Preview Images	Initialize containers	2026-06-26T17:06:39.0249995Z LANG=C.UTF-8
Regenerate Preview Images	Initialize containers	2026-06-26T17:06:39.0250380Z LC_ALL=C.UTF-8
Regenerate Preview Images	Initialize containers	2026-06-26T17:06:39.0250771Z PLAYWRIGHT_BROWSERS_PATH=/ms-playwright
Regenerate Preview Images	Initialize containers	2026-06-26T17:06:39.0271597Z ##[endgroup]
Regenerate Preview Images	Initialize containers	2026-06-26T17:06:39.0281161Z ##[group]Waiting for all services to be ready
Regenerate Preview Images	Initialize containers	2026-06-26T17:06:39.0282612Z ##[endgroup]
Regenerate Preview Images	Run actions/checkout@v6	﻿2026-06-26T17:06:39.0567428Z ##[group]Run actions/checkout@v6
Regenerate Preview Images	Run actions/checkout@v6	2026-06-26T17:06:39.0568315Z with:
Regenerate Preview Images	Run actions/checkout@v6	2026-06-26T17:06:39.0568534Z   ref: main
Regenerate Preview Images	Run actions/checkout@v6	2026-06-26T17:06:39.0571958Z   token: ***
Regenerate Preview Images	Run actions/checkout@v6	2026-06-26T17:06:39.0572173Z   fetch-depth: 0
Regenerate Preview Images	Run actions/checkout@v6	2026-06-26T17:06:39.0572406Z   repository: konard/numbers-vectorization
Regenerate Preview Images	Run actions/checkout@v6	2026-06-26T17:06:39.0572702Z   ssh-strict: true
Regenerate Preview Images	Run actions/checkout@v6	2026-06-26T17:06:39.0572952Z   ssh-user: git
Regenerate Preview Images	Run actions/checkout@v6	2026-06-26T17:06:39.0573162Z   persist-credentials: true
Regenerate Preview Images	Run actions/checkout@v6	2026-06-26T17:06:39.0573422Z   clean: true
Regenerate Preview Images	Run actions/checkout@v6	2026-06-26T17:06:39.0573631Z   sparse-checkout-cone-mode: true
Regenerate Preview Images	Run actions/checkout@v6	2026-06-26T17:06:39.0573882Z   fetch-tags: false
Regenerate Preview Images	Run actions/checkout@v6	2026-06-26T17:06:39.0574086Z   show-progress: true
Regenerate Preview Images	Run actions/checkout@v6	2026-06-26T17:06:39.0574349Z   lfs: false
Regenerate Preview Images	Run actions/checkout@v6	2026-06-26T17:06:39.0574532Z   submodules: false
Regenerate Preview Images	Run actions/checkout@v6	2026-06-26T17:06:39.0574737Z   set-safe-directory: true
Regenerate Preview Images	Run actions/checkout@v6	2026-06-26T17:06:39.0575200Z env:
Regenerate Preview Images	Run actions/checkout@v6	2026-06-26T17:06:39.0575439Z   PLAYWRIGHT_BROWSERS_PATH: /ms-playwright
Regenerate Preview Images	Run actions/checkout@v6	2026-06-26T17:06:39.0575710Z ##[endgroup]
Regenerate Preview Images	Run actions/checkout@v6	2026-06-26T17:06:39.0640347Z ##[command]/usr/bin/docker exec  6ea8b8f8713404b3bb3be83a9463ddf46393bfc6b0dc17d17db1af274d80bca0 sh -c "cat /etc/*release | grep ^ID"
Regenerate Preview Images	Run actions/checkout@v6	2026-06-26T17:06:39.2695964Z Syncing repository: konard/numbers-vectorization
Regenerate Preview Images	Run actions/checkout@v6	2026-06-26T17:06:39.2777483Z ##[group]Getting Git version info
Regenerate Preview Images	Run actions/checkout@v6	2026-06-26T17:06:39.2778653Z Working directory is '/__w/numbers-vectorization/numbers-vectorization'
Regenerate Preview Images	Run actions/checkout@v6	2026-06-26T17:06:39.2779971Z [command]/usr/bin/git version
Regenerate Preview Images	Run actions/checkout@v6	2026-06-26T17:06:39.2780483Z git version 2.43.0
Regenerate Preview Images	Run actions/checkout@v6	2026-06-26T17:06:39.2782570Z ##[endgroup]
Regenerate Preview Images	Run actions/checkout@v6	2026-06-26T17:06:39.2788590Z Temporarily overriding HOME='/__w/_temp/ce675623-8b68-4d31-9166-89450a82be8a' before making global git config changes
Regenerate Preview Images	Run actions/checkout@v6	2026-06-26T17:06:39.2789799Z Adding repository directory to the temporary git global config as a safe directory
Regenerate Preview Images	Run actions/checkout@v6	2026-06-26T17:06:39.2790929Z [command]/usr/bin/git config --global --add safe.directory /__w/numbers-vectorization/numbers-vectorization
Regenerate Preview Images	Run actions/checkout@v6	2026-06-26T17:06:39.2792620Z Deleting the contents of '/__w/numbers-vectorization/numbers-vectorization'
Regenerate Preview Images	Run actions/checkout@v6	2026-06-26T17:06:39.2793741Z ##[group]Determining repository object format
Regenerate Preview Images	Run actions/checkout@v6	2026-06-26T17:06:39.4176198Z ##[endgroup]
Regenerate Preview Images	Run actions/checkout@v6	2026-06-26T17:06:39.4177091Z ##[group]Initializing the repository
Regenerate Preview Images	Run actions/checkout@v6	2026-06-26T17:06:39.4184316Z [command]/usr/bin/git init /__w/numbers-vectorization/numbers-vectorization
Regenerate Preview Images	Run actions/checkout@v6	2026-06-26T17:06:39.4227526Z hint: Using 'master' as the name for the initial branch. This default branch name
Regenerate Preview Images	Run actions/checkout@v6	2026-06-26T17:06:39.4228505Z hint: is subject to change. To configure the initial branch name to use in all
Regenerate Preview Images	Run actions/checkout@v6	2026-06-26T17:06:39.4229079Z hint: of your new repositories, which will suppress this warning, call:
Regenerate Preview Images	Run actions/checkout@v6	2026-06-26T17:06:39.4229461Z hint:
Regenerate Preview Images	Run actions/checkout@v6	2026-06-26T17:06:39.4229802Z hint: 	git config --global init.defaultBranch <name>
Regenerate Preview Images	Run actions/checkout@v6	2026-06-26T17:06:39.4230127Z hint:
Regenerate Preview Images	Run actions/checkout@v6	2026-06-26T17:06:39.4230448Z hint: Names commonly chosen instead of 'master' are 'main', 'trunk' and
Regenerate Preview Images	Run actions/checkout@v6	2026-06-26T17:06:39.4230978Z hint: 'development'. The just-created branch can be renamed via this command:
Regenerate Preview Images	Run actions/checkout@v6	2026-06-26T17:06:39.4231363Z hint:
Regenerate Preview Images	Run actions/checkout@v6	2026-06-26T17:06:39.4231561Z hint: 	git branch -m <name>
Regenerate Preview Images	Run actions/checkout@v6	2026-06-26T17:06:39.4240119Z Initialized empty Git repository in /__w/numbers-vectorization/numbers-vectorization/.git/
Regenerate Preview Images	Run actions/checkout@v6	2026-06-26T17:06:39.4258744Z [command]/usr/bin/git remote add origin https://github.com/konard/numbers-vectorization
Regenerate Preview Images	Run actions/checkout@v6	2026-06-26T17:06:39.4308062Z ##[endgroup]
Regenerate Preview Images	Run actions/checkout@v6	2026-06-26T17:06:39.4308762Z ##[group]Disabling automatic garbage collection
Regenerate Preview Images	Run actions/checkout@v6	2026-06-26T17:06:39.4309502Z [command]/usr/bin/git config --local gc.auto 0
Regenerate Preview Images	Run actions/checkout@v6	2026-06-26T17:06:39.4346228Z ##[endgroup]
Regenerate Preview Images	Run actions/checkout@v6	2026-06-26T17:06:39.4347606Z ##[group]Setting up auth
Regenerate Preview Images	Run actions/checkout@v6	2026-06-26T17:06:39.4349182Z Removing SSH command configuration
Regenerate Preview Images	Run actions/checkout@v6	2026-06-26T17:06:39.4355384Z [command]/usr/bin/git config --local --name-only --get-regexp core\.sshCommand
Regenerate Preview Images	Run actions/checkout@v6	2026-06-26T17:06:39.4398259Z [command]/usr/bin/git submodule foreach --recursive sh -c "git config --local --name-only --get-regexp 'core\.sshCommand' && git config --local --unset-all 'core.sshCommand' || :"
Regenerate Preview Images	Run actions/checkout@v6	2026-06-26T17:06:39.4674433Z Removing HTTP extra header
Regenerate Preview Images	Run actions/checkout@v6	2026-06-26T17:06:39.4680286Z [command]/usr/bin/git config --local --name-only --get-regexp http\.https\:\/\/github\.com\/\.extraheader
Regenerate Preview Images	Run actions/checkout@v6	2026-06-26T17:06:39.4719244Z [command]/usr/bin/git submodule foreach --recursive sh -c "git config --local --name-only --get-regexp 'http\.https\:\/\/github\.com\/\.extraheader' && git config --local --unset-all 'http.https://github.com/.extraheader' || :"
Regenerate Preview Images	Run actions/checkout@v6	2026-06-26T17:06:39.4965836Z Removing includeIf entries pointing to credentials config files
Regenerate Preview Images	Run actions/checkout@v6	2026-06-26T17:06:39.4972522Z [command]/usr/bin/git config --local --name-only --get-regexp ^includeIf\.gitdir:
Regenerate Preview Images	Run actions/checkout@v6	2026-06-26T17:06:39.5008420Z [command]/usr/bin/git submodule foreach --recursive git config --local --show-origin --name-only --get-regexp remote.origin.url
Regenerate Preview Images	Run actions/checkout@v6	2026-06-26T17:06:39.5267625Z [command]/usr/bin/git config --file /__w/_temp/git-credentials-022c8f07-7cc9-4831-a462-5898b0f780ac.config http.https://github.com/.extraheader AUTHORIZATION: basic ***
Regenerate Preview Images	Run actions/checkout@v6	2026-06-26T17:06:39.5305855Z [command]/usr/bin/git config --local includeIf.gitdir:/__w/numbers-vectorization/numbers-vectorization/.git.path /__w/_temp/git-credentials-022c8f07-7cc9-4831-a462-5898b0f780ac.config
Regenerate Preview Images	Run actions/checkout@v6	2026-06-26T17:06:39.5374504Z [command]/usr/bin/git config --local includeIf.gitdir:/__w/numbers-vectorization/numbers-vectorization/.git/worktrees/*.path /__w/_temp/git-credentials-022c8f07-7cc9-4831-a462-5898b0f780ac.config
Regenerate Preview Images	Run actions/checkout@v6	2026-06-26T17:06:39.5409565Z [command]/usr/bin/git config --local includeIf.gitdir:/github/workspace/.git.path /github/runner_temp/git-credentials-022c8f07-7cc9-4831-a462-5898b0f780ac.config
Regenerate Preview Images	Run actions/checkout@v6	2026-06-26T17:06:39.5443631Z [command]/usr/bin/git config --local includeIf.gitdir:/github/workspace/.git/worktrees/*.path /github/runner_temp/git-credentials-022c8f07-7cc9-4831-a462-5898b0f780ac.config
Regenerate Preview Images	Run actions/checkout@v6	2026-06-26T17:06:39.5473842Z ##[endgroup]
Regenerate Preview Images	Run actions/checkout@v6	2026-06-26T17:06:39.5474268Z ##[group]Fetching the repository
Regenerate Preview Images	Run actions/checkout@v6	2026-06-26T17:06:39.5482810Z [command]/usr/bin/git -c protocol.version=2 fetch --no-tags --prune --no-recurse-submodules origin +refs/heads/*:refs/remotes/origin/* +refs/tags/*:refs/tags/*
Regenerate Preview Images	Run actions/checkout@v6	2026-06-26T17:06:39.8961251Z From https://github.com/konard/numbers-vectorization
Regenerate Preview Images	Run actions/checkout@v6	2026-06-26T17:06:39.8962238Z  * [new branch]      issue-1-4e6a8322e6ae -> origin/issue-1-4e6a8322e6ae
Regenerate Preview Images	Run actions/checkout@v6	2026-06-26T17:06:39.8963074Z  * [new branch]      main                 -> origin/main
Regenerate Preview Images	Run actions/checkout@v6	2026-06-26T17:06:39.8985987Z ##[endgroup]
Regenerate Preview Images	Run actions/checkout@v6	2026-06-26T17:06:39.8986762Z ##[group]Determining the checkout info
Regenerate Preview Images	Run actions/checkout@v6	2026-06-26T17:06:39.8994902Z [command]/usr/bin/git branch --list --remote origin/main
Regenerate Preview Images	Run actions/checkout@v6	2026-06-26T17:06:39.9028002Z   origin/main
Regenerate Preview Images	Run actions/checkout@v6	2026-06-26T17:06:39.9048969Z ##[endgroup]
Regenerate Preview Images	Run actions/checkout@v6	2026-06-26T17:06:39.9049886Z [command]/usr/bin/git sparse-checkout disable
Regenerate Preview Images	Run actions/checkout@v6	2026-06-26T17:06:39.9096496Z [command]/usr/bin/git config --local --unset-all extensions.worktreeConfig
Regenerate Preview Images	Run actions/checkout@v6	2026-06-26T17:06:39.9134350Z ##[group]Checking out the ref
Regenerate Preview Images	Run actions/checkout@v6	2026-06-26T17:06:39.9140591Z [command]/usr/bin/git checkout --progress --force -B main refs/remotes/origin/main
Regenerate Preview Images	Run actions/checkout@v6	2026-06-26T17:06:39.9587488Z Switched to a new branch 'main'
Regenerate Preview Images	Run actions/checkout@v6	2026-06-26T17:06:39.9588440Z branch 'main' set up to track 'origin/main'.
Regenerate Preview Images	Run actions/checkout@v6	2026-06-26T17:06:39.9595224Z ##[endgroup]
Regenerate Preview Images	Run actions/checkout@v6	2026-06-26T17:06:39.9641833Z [command]/usr/bin/git log -1 --format=%H
Regenerate Preview Images	Run actions/checkout@v6	2026-06-26T17:06:39.9676968Z fab14ac45399c66dfd8205e94be5f6c16cc5d5e1
Regenerate Preview Images	Install example app dependencies	﻿2026-06-26T17:06:39.9899726Z ##[group]Run npm ci --prefix examples/universal-app
Regenerate Preview Images	Install example app dependencies	2026-06-26T17:06:39.9900208Z ^[[36;1mnpm ci --prefix examples/universal-app^[[0m
Regenerate Preview Images	Install example app dependencies	2026-06-26T17:06:39.9903353Z shell: sh -e {0}
Regenerate Preview Images	Install example app dependencies	2026-06-26T17:06:39.9903581Z env:
Regenerate Preview Images	Install example app dependencies	2026-06-26T17:06:39.9903795Z   PLAYWRIGHT_BROWSERS_PATH: /ms-playwright
Regenerate Preview Images	Install example app dependencies	2026-06-26T17:06:39.9904092Z ##[endgroup]
Regenerate Preview Images	Install example app dependencies	2026-06-26T17:06:40.7588473Z npm warn skipping integrity check for git dependency ssh://git@github.com/electron/node-gyp.git
Regenerate Preview Images	Install example app dependencies	2026-06-26T17:06:42.5270927Z npm warn deprecated lodash.get@4.4.2: This package is deprecated. Use the optional chaining (?.) operator instead.
Regenerate Preview Images	Install example app dependencies	2026-06-26T17:06:42.6535441Z npm warn deprecated inflight@1.0.6: This module is not supported, and leaks memory. Do not use it. Check out lru-cache if you want a good and tested way to coalesce async requests by a key value, which is much more comprehensive and powerful.
Regenerate Preview Images	Install example app dependencies	2026-06-26T17:06:42.7576077Z npm warn deprecated glob@7.2.3: Old versions of glob are not supported, and contain widely publicized security vulnerabilities, which have been fixed in the current version. Please update. Support for old versions may be purchased (at exorbitant rates) by contacting i@izs.me
Regenerate Preview Images	Install example app dependencies	2026-06-26T17:06:42.8361596Z npm warn deprecated gar@1.0.4: Package no longer supported. Contact Support at https://www.npmjs.com/support for more info.
Regenerate Preview Images	Install example app dependencies	2026-06-26T17:06:43.3483284Z npm warn deprecated @npmcli/move-file@2.0.1: This functionality has been moved to @npmcli/fs
Regenerate Preview Images	Install example app dependencies	2026-06-26T17:06:43.6490295Z npm warn deprecated boolean@3.2.0: Package no longer supported. Contact Support at https://www.npmjs.com/support for more info.
Regenerate Preview Images	Install example app dependencies	2026-06-26T17:06:43.9132251Z npm warn deprecated rimraf@2.6.3: Rimraf versions prior to v4 are no longer supported
Regenerate Preview Images	Install example app dependencies	2026-06-26T17:06:44.2503960Z npm warn deprecated glob@7.2.3: Old versions of glob are not supported, and contain widely publicized security vulnerabilities, which have been fixed in the current version. Please update. Support for old versions may be purchased (at exorbitant rates) by contacting i@izs.me
Regenerate Preview Images	Install example app dependencies	2026-06-26T17:06:44.2628702Z npm warn deprecated rimraf@3.0.2: Rimraf versions prior to v4 are no longer supported
Regenerate Preview Images	Install example app dependencies	2026-06-26T17:06:44.2769593Z npm warn deprecated glob@8.1.0: Old versions of glob are not supported, and contain widely publicized security vulnerabilities, which have been fixed in the current version. Please update. Support for old versions may be purchased (at exorbitant rates) by contacting i@izs.me
Regenerate Preview Images	Install example app dependencies	2026-06-26T17:06:44.2880532Z npm warn deprecated rimraf@3.0.2: Rimraf versions prior to v4 are no longer supported
Regenerate Preview Images	Install example app dependencies	2026-06-26T17:06:44.3286436Z npm warn deprecated glob@8.1.0: Old versions of glob are not supported, and contain widely publicized security vulnerabilities, which have been fixed in the current version. Please update. Support for old versions may be purchased (at exorbitant rates) by contacting i@izs.me
Regenerate Preview Images	Install example app dependencies	2026-06-26T17:06:44.8345410Z npm warn deprecated tar@6.2.1: Old versions of tar are not supported, and contain widely publicized security vulnerabilities, which have been fixed in the current version. Please update. Support for old versions may be purchased (at exorbitant rates) by contacting i@izs.me
Regenerate Preview Images	Install example app dependencies	2026-06-26T17:06:44.8659514Z npm warn deprecated tar@6.2.1: Old versions of tar are not supported, and contain widely publicized security vulnerabilities, which have been fixed in the current version. Please update. Support for old versions may be purchased (at exorbitant rates) by contacting i@izs.me
Regenerate Preview Images	Install example app dependencies	2026-06-26T17:06:44.8740978Z npm warn deprecated tar@6.2.1: Old versions of tar are not supported, and contain widely publicized security vulnerabilities, which have been fixed in the current version. Please update. Support for old versions may be purchased (at exorbitant rates) by contacting i@izs.me
Regenerate Preview Images	Install example app dependencies	2026-06-26T17:06:51.0996060Z
Regenerate Preview Images	Install example app dependencies	2026-06-26T17:06:51.0996912Z added 645 packages, and audited 646 packages in 11s
Regenerate Preview Images	Install example app dependencies	2026-06-26T17:06:51.0997418Z
Regenerate Preview Images	Install example app dependencies	2026-06-26T17:06:51.0998885Z 102 packages are looking for funding
Regenerate Preview Images	Install example app dependencies	2026-06-26T17:06:51.1000411Z   run `npm fund` for details
Regenerate Preview Images	Install example app dependencies	2026-06-26T17:06:51.1690476Z
Regenerate Preview Images	Install example app dependencies	2026-06-26T17:06:51.1691348Z 28 vulnerabilities (4 low, 24 high)
Regenerate Preview Images	Install example app dependencies	2026-06-26T17:06:51.1692572Z
Regenerate Preview Images	Install example app dependencies	2026-06-26T17:06:51.1692842Z To address issues that do not require attention, run:
Regenerate Preview Images	Install example app dependencies	2026-06-26T17:06:51.1693407Z   npm audit fix
Regenerate Preview Images	Install example app dependencies	2026-06-26T17:06:51.1693634Z
Regenerate Preview Images	Install example app dependencies	2026-06-26T17:06:51.1693971Z To address all issues possible (including breaking changes), run:
Regenerate Preview Images	Install example app dependencies	2026-06-26T17:06:51.1694586Z   npm audit fix --force
Regenerate Preview Images	Install example app dependencies	2026-06-26T17:06:51.1694853Z
Regenerate Preview Images	Install example app dependencies	2026-06-26T17:06:51.1695084Z Some issues need review, and may require choosing
Regenerate Preview Images	Install example app dependencies	2026-06-26T17:06:51.1695623Z a different dependency.
Regenerate Preview Images	Install example app dependencies	2026-06-26T17:06:51.1695892Z
Regenerate Preview Images	Install example app dependencies	2026-06-26T17:06:51.1696064Z Run `npm audit` for details.
Regenerate Preview Images	Install browser automation dependencies	﻿2026-06-26T17:06:51.2119219Z ##[group]Run npm install --no-save --package-lock=false --no-audit --no-fund browser-commander@0.8.1 playwright@1.59.1
Regenerate Preview Images	Install browser automation dependencies	2026-06-26T17:06:51.2120162Z ^[[36;1mnpm install --no-save --package-lock=false --no-audit --no-fund browser-commander@0.8.1 playwright@1.59.1^[[0m
Regenerate Preview Images	Install browser automation dependencies	2026-06-26T17:06:51.2120789Z shell: sh -e {0}
Regenerate Preview Images	Install browser automation dependencies	2026-06-26T17:06:51.2120986Z env:
Regenerate Preview Images	Install browser automation dependencies	2026-06-26T17:06:51.2121194Z   PLAYWRIGHT_BROWSERS_PATH: /ms-playwright
Regenerate Preview Images	Install browser automation dependencies	2026-06-26T17:06:51.2121485Z   PLAYWRIGHT_SKIP_BROWSER_DOWNLOAD: 1
Regenerate Preview Images	Install browser automation dependencies	2026-06-26T17:06:51.2121737Z ##[endgroup]
Regenerate Preview Images	Install browser automation dependencies	2026-06-26T17:07:01.0067079Z
Regenerate Preview Images	Install browser automation dependencies	2026-06-26T17:07:01.0070127Z added 330 packages in 10s
Regenerate Preview Images	Regenerate preview images	﻿2026-06-26T17:07:01.0372159Z ##[group]Run node scripts/update-preview-images.mjs
Regenerate Preview Images	Regenerate preview images	2026-06-26T17:07:01.0372600Z ^[[36;1mnode scripts/update-preview-images.mjs^[[0m
Regenerate Preview Images	Regenerate preview images	2026-06-26T17:07:01.0373015Z shell: sh -e {0}
Regenerate Preview Images	Regenerate preview images	2026-06-26T17:07:01.0373216Z env:
Regenerate Preview Images	Regenerate preview images	2026-06-26T17:07:01.0373433Z   PLAYWRIGHT_BROWSERS_PATH: /ms-playwright
Regenerate Preview Images	Regenerate preview images	2026-06-26T17:07:01.0373707Z ##[endgroup]
Regenerate Preview Images	Regenerate preview images	2026-06-26T17:07:01.4167175Z [preview] running npm ci (cwd=/__w/numbers-vectorization/numbers-vectorization/examples/universal-app)
Regenerate Preview Images	Regenerate preview images	2026-06-26T17:07:02.4325148Z npm warn skipping integrity check for git dependency ssh://git@github.com/electron/node-gyp.git
Regenerate Preview Images	Regenerate preview images	2026-06-26T17:07:03.8915210Z npm warn deprecated inflight@1.0.6: This module is not supported, and leaks memory. Do not use it. Check out lru-cache if you want a good and tested way to coalesce async requests by a key value, which is much more comprehensive and powerful.
Regenerate Preview Images	Regenerate preview images	2026-06-26T17:07:03.8931391Z npm warn deprecated gar@1.0.4: Package no longer supported. Contact Support at https://www.npmjs.com/support for more info.
Regenerate Preview Images	Regenerate preview images	2026-06-26T17:07:03.9193045Z npm warn deprecated lodash.get@4.4.2: This package is deprecated. Use the optional chaining (?.) operator instead.
Regenerate Preview Images	Regenerate preview images	2026-06-26T17:07:03.9295432Z npm warn deprecated @npmcli/move-file@2.0.1: This functionality has been moved to @npmcli/fs
Regenerate Preview Images	Regenerate preview images	2026-06-26T17:07:03.9587554Z npm warn deprecated rimraf@2.6.3: Rimraf versions prior to v4 are no longer supported
Regenerate Preview Images	Regenerate preview images	2026-06-26T17:07:04.0035703Z npm warn deprecated rimraf@3.0.2: Rimraf versions prior to v4 are no longer supported
Regenerate Preview Images	Regenerate preview images	2026-06-26T17:07:04.0042818Z npm warn deprecated rimraf@3.0.2: Rimraf versions prior to v4 are no longer supported
Regenerate Preview Images	Regenerate preview images	2026-06-26T17:07:04.0608304Z npm warn deprecated glob@7.2.3: Old versions of glob are not supported, and contain widely publicized security vulnerabilities, which have been fixed in the current version. Please update. Support for old versions may be purchased (at exorbitant rates) by contacting i@izs.me
Regenerate Preview Images	Regenerate preview images	2026-06-26T17:07:04.0686856Z npm warn deprecated glob@7.2.3: Old versions of glob are not supported, and contain widely publicized security vulnerabilities, which have been fixed in the current version. Please update. Support for old versions may be purchased (at exorbitant rates) by contacting i@izs.me
Regenerate Preview Images	Regenerate preview images	2026-06-26T17:07:04.0695623Z npm warn deprecated glob@8.1.0: Old versions of glob are not supported, and contain widely publicized security vulnerabilities, which have been fixed in the current version. Please update. Support for old versions may be purchased (at exorbitant rates) by contacting i@izs.me
Regenerate Preview Images	Regenerate preview images	2026-06-26T17:07:04.0710233Z npm warn deprecated glob@8.1.0: Old versions of glob are not supported, and contain widely publicized security vulnerabilities, which have been fixed in the current version. Please update. Support for old versions may be purchased (at exorbitant rates) by contacting i@izs.me
Regenerate Preview Images	Regenerate preview images	2026-06-26T17:07:04.6522729Z npm warn deprecated boolean@3.2.0: Package no longer supported. Contact Support at https://www.npmjs.com/support for more info.
Regenerate Preview Images	Regenerate preview images	2026-06-26T17:07:04.9526052Z npm warn deprecated tar@6.2.1: Old versions of tar are not supported, and contain widely publicized security vulnerabilities, which have been fixed in the current version. Please update. Support for old versions may be purchased (at exorbitant rates) by contacting i@izs.me
Regenerate Preview Images	Regenerate preview images	2026-06-26T17:07:04.9533922Z npm warn deprecated tar@6.2.1: Old versions of tar are not supported, and contain widely publicized security vulnerabilities, which have been fixed in the current version. Please update. Support for old versions may be purchased (at exorbitant rates) by contacting i@izs.me
Regenerate Preview Images	Regenerate preview images	2026-06-26T17:07:04.9543880Z npm warn deprecated tar@6.2.1: Old versions of tar are not supported, and contain widely publicized security vulnerabilities, which have been fixed in the current version. Please update. Support for old versions may be purchased (at exorbitant rates) by contacting i@izs.me
Regenerate Preview Images	Regenerate preview images	2026-06-26T17:07:08.9445421Z
Regenerate Preview Images	Regenerate preview images	2026-06-26T17:07:08.9446072Z added 645 packages, and audited 646 packages in 7s
Regenerate Preview Images	Regenerate preview images	2026-06-26T17:07:08.9446568Z
Regenerate Preview Images	Regenerate preview images	2026-06-26T17:07:08.9447010Z 102 packages are looking for funding
Regenerate Preview Images	Regenerate preview images	2026-06-26T17:07:08.9448739Z   run `npm fund` for details
Regenerate Preview Images	Regenerate preview images	2026-06-26T17:07:09.0039672Z
Regenerate Preview Images	Regenerate preview images	2026-06-26T17:07:09.0040208Z 28 vulnerabilities (4 low, 24 high)
Regenerate Preview Images	Regenerate preview images	2026-06-26T17:07:09.0040615Z
Regenerate Preview Images	Regenerate preview images	2026-06-26T17:07:09.0040861Z To address issues that do not require attention, run:
Regenerate Preview Images	Regenerate preview images	2026-06-26T17:07:09.0041410Z   npm audit fix
Regenerate Preview Images	Regenerate preview images	2026-06-26T17:07:09.0041635Z
Regenerate Preview Images	Regenerate preview images	2026-06-26T17:07:09.0041941Z To address all issues possible (including breaking changes), run:
Regenerate Preview Images	Regenerate preview images	2026-06-26T17:07:09.0042545Z   npm audit fix --force
Regenerate Preview Images	Regenerate preview images	2026-06-26T17:07:09.0042775Z
Regenerate Preview Images	Regenerate preview images	2026-06-26T17:07:09.0042993Z Some issues need review, and may require choosing
Regenerate Preview Images	Regenerate preview images	2026-06-26T17:07:09.0043525Z a different dependency.
Regenerate Preview Images	Regenerate preview images	2026-06-26T17:07:09.0043776Z
Regenerate Preview Images	Regenerate preview images	2026-06-26T17:07:09.0043948Z Run `npm audit` for details.
Regenerate Preview Images	Regenerate preview images	2026-06-26T17:07:09.0512552Z [preview] running npm run build (cwd=/__w/numbers-vectorization/numbers-vectorization/examples/universal-app)
Regenerate Preview Images	Regenerate preview images	2026-06-26T17:07:09.1506402Z
Regenerate Preview Images	Regenerate preview images	2026-06-26T17:07:09.1506968Z > universal-example-app@0.1.0 build
Regenerate Preview Images	Regenerate preview images	2026-06-26T17:07:09.1508222Z > vite build
Regenerate Preview Images	Regenerate preview images	2026-06-26T17:07:09.1508401Z
Regenerate Preview Images	Regenerate preview images	2026-06-26T17:07:09.3443093Z ^[[36mvite v6.4.2 ^[[32mbuilding for production...^[[36m^[[39m
Regenerate Preview Images	Regenerate preview images	2026-06-26T17:07:09.3989316Z transforming...
Regenerate Preview Images	Regenerate preview images	2026-06-26T17:07:10.0243639Z ^[[32m✓^[[39m 24 modules transformed.
Regenerate Preview Images	Regenerate preview images	2026-06-26T17:07:10.1361811Z rendering chunks...
Regenerate Preview Images	Regenerate preview images	2026-06-26T17:07:10.1418753Z computing gzip size...
Regenerate Preview Images	Regenerate preview images	2026-06-26T17:07:10.1492758Z ^[[2mdist/^[[22m^[[32mindex.html                 ^[[39m^[[1m^[[2m  0.60 kB^[[22m^[[1m^[[22m^[[2m │ gzip:  0.36 kB^[[22m
Regenerate Preview Images	Regenerate preview images	2026-06-26T17:07:10.1495089Z ^[[2mdist/^[[22m^[[2massets/^[[22m^[[35mindex-C2IizFp6.css  ^[[39m^[[1m^[[2m  5.11 kB^[[22m^[[1m^[[22m^[[2m │ gzip:  1.68 kB^[[22m
Regenerate Preview Images	Regenerate preview images	2026-06-26T17:07:10.1496498Z ^[[2mdist/^[[22m^[[2massets/^[[22m^[[36mindex-C49_oBaE.js   ^[[39m^[[1m^[[2m210.62 kB^[[22m^[[1m^[[22m^[[2m │ gzip: 61.84 kB^[[22m
Regenerate Preview Images	Regenerate preview images	2026-06-26T17:07:10.1497960Z ^[[32m✓ built in 780ms^[[39m
Regenerate Preview Images	Regenerate preview images	2026-06-26T17:07:10.1850735Z [preview] example-app server: http://127.0.0.1:33397/
Regenerate Preview Images	Regenerate preview images	2026-06-26T17:07:10.3549030Z [preview] capturing preview tile: locale=en theme=light
Regenerate Preview Images	Regenerate preview images	2026-06-26T17:07:20.5561676Z locator.waitFor: Timeout 10000ms exceeded.
Regenerate Preview Images	Regenerate preview images	2026-06-26T17:07:20.5562125Z Call log:
Regenerate Preview Images	Regenerate preview images	2026-06-26T17:07:20.5562409Z   - waiting for locator('#calculator-title') to be visible
Regenerate Preview Images	Regenerate preview images	2026-06-26T17:07:20.5562693Z
Regenerate Preview Images	Regenerate preview images	2026-06-26T17:07:20.5563139Z     at waitForSelector (/__w/numbers-vectorization/numbers-vectorization/node_modules/browser-commander/src/elements/selectors.js:361:21)
Regenerate Preview Images	Regenerate preview images	2026-06-26T17:07:20.5564086Z     at Object.waitForSelectorBound (/__w/numbers-vectorization/numbers-vectorization/node_modules/browser-commander/src/bindings.js:153:5)
Regenerate Preview Images	Regenerate preview images	2026-06-26T17:07:20.5564946Z     at captureTile (/__w/numbers-vectorization/numbers-vectorization/scripts/update-preview-images.mjs:257:21)
Regenerate Preview Images	Regenerate preview images	2026-06-26T17:07:20.5565685Z     at async main (/__w/numbers-vectorization/numbers-vectorization/scripts/update-preview-images.mjs:315:9)
Regenerate Preview Images	Regenerate preview images	2026-06-26T17:07:20.8832632Z ##[error]Process completed with exit code 1.
Regenerate Preview Images	Upload screenshot failure artifacts	﻿2026-06-26T17:07:20.8957985Z ##[group]Run actions/upload-artifact@v7
Regenerate Preview Images	Upload screenshot failure artifacts	2026-06-26T17:07:20.8958421Z with:
Regenerate Preview Images	Upload screenshot failure artifacts	2026-06-26T17:07:20.8958668Z   name: preview-regen-failure-28250265337
Regenerate Preview Images	Upload screenshot failure artifacts	2026-06-26T17:07:20.8959055Z   path: docs/screenshots/
Regenerate Preview Images	Upload screenshot failure artifacts	web/test-results/
Regenerate Preview Images	Upload screenshot failure artifacts	web/playwright-report/
Regenerate Preview Images	Upload screenshot failure artifacts
Regenerate Preview Images	Upload screenshot failure artifacts	2026-06-26T17:07:20.8959424Z   retention-days: 7
Regenerate Preview Images	Upload screenshot failure artifacts	2026-06-26T17:07:20.8959645Z   if-no-files-found: ignore
Regenerate Preview Images	Upload screenshot failure artifacts	2026-06-26T17:07:20.8959873Z   compression-level: 6
Regenerate Preview Images	Upload screenshot failure artifacts	2026-06-26T17:07:20.8960082Z   overwrite: false
Regenerate Preview Images	Upload screenshot failure artifacts	2026-06-26T17:07:20.8960292Z   include-hidden-files: false
Regenerate Preview Images	Upload screenshot failure artifacts	2026-06-26T17:07:20.8960522Z   archive: true
Regenerate Preview Images	Upload screenshot failure artifacts	2026-06-26T17:07:20.8960712Z env:
Regenerate Preview Images	Upload screenshot failure artifacts	2026-06-26T17:07:20.8960913Z   PLAYWRIGHT_BROWSERS_PATH: /ms-playwright
Regenerate Preview Images	Upload screenshot failure artifacts	2026-06-26T17:07:20.8961178Z ##[endgroup]
Regenerate Preview Images	Upload screenshot failure artifacts	2026-06-26T17:07:20.8964904Z ##[command]/usr/bin/docker exec  6ea8b8f8713404b3bb3be83a9463ddf46393bfc6b0dc17d17db1af274d80bca0 sh -c "cat /etc/*release | grep ^ID"
Regenerate Preview Images	Upload screenshot failure artifacts	2026-06-26T17:07:21.1527529Z Multiple search paths detected. Calculating the least common ancestor of all paths
Regenerate Preview Images	Upload screenshot failure artifacts	2026-06-26T17:07:21.1532534Z The least common ancestor is /__w/numbers-vectorization/numbers-vectorization. This will be the root directory of the artifact
Regenerate Preview Images	Upload screenshot failure artifacts	2026-06-26T17:07:21.1534146Z With the provided path, there will be 7 files uploaded
Regenerate Preview Images	Upload screenshot failure artifacts	2026-06-26T17:07:21.1536672Z Artifact name is valid!
Regenerate Preview Images	Upload screenshot failure artifacts	2026-06-26T17:07:21.1537804Z Root directory input is valid!
Regenerate Preview Images	Upload screenshot failure artifacts	2026-06-26T17:07:21.3039919Z Uploading artifact: preview-regen-failure-28250265337.zip
Regenerate Preview Images	Upload screenshot failure artifacts	2026-06-26T17:07:21.3085198Z Beginning upload of artifact content to blob storage
Regenerate Preview Images	Upload screenshot failure artifacts	2026-06-26T17:07:21.4696274Z Uploaded bytes 710595
Regenerate Preview Images	Upload screenshot failure artifacts	2026-06-26T17:07:21.4858444Z Finished uploading artifact content to blob storage!
Regenerate Preview Images	Upload screenshot failure artifacts	2026-06-26T17:07:21.4859693Z SHA256 digest of uploaded artifact is c589ed884a72a062c69372eb1d28853dbe9cc780e45f11c29823b725da2f13c7
Regenerate Preview Images	Upload screenshot failure artifacts	2026-06-26T17:07:21.4861023Z Finalizing artifact upload
Regenerate Preview Images	Upload screenshot failure artifacts	2026-06-26T17:07:21.6596080Z Artifact preview-regen-failure-28250265337 successfully finalized. Artifact ID 7911668546
Regenerate Preview Images	Upload screenshot failure artifacts	2026-06-26T17:07:21.6597461Z Artifact preview-regen-failure-28250265337 has been successfully uploaded! Final size is 710595 bytes. Artifact ID is 7911668546
Regenerate Preview Images	Upload screenshot failure artifacts	2026-06-26T17:07:21.6599317Z Artifact download URL: https://github.com/konard/numbers-vectorization/actions/runs/28250265337/artifacts/7911668546
Regenerate Preview Images	Summarize regeneration result	﻿2026-06-26T17:07:21.6735533Z ##[group]Run if [[ "" == "true" ]]; then
Regenerate Preview Images	Summarize regeneration result	2026-06-26T17:07:21.6735895Z ^[[36;1mif [[ "" == "true" ]]; then^[[0m
Regenerate Preview Images	Summarize regeneration result	2026-06-26T17:07:21.6736342Z ^[[36;1m  echo "::notice::Preview images regenerated and (if applicable) committed to main."^[[0m
Regenerate Preview Images	Summarize regeneration result	2026-06-26T17:07:21.6736787Z ^[[36;1melse^[[0m
Regenerate Preview Images	Summarize regeneration result	2026-06-26T17:07:21.6737077Z ^[[36;1m  echo "::notice::Preview images are already up to date."^[[0m
Regenerate Preview Images	Summarize regeneration result	2026-06-26T17:07:21.6737430Z ^[[36;1mfi^[[0m
Regenerate Preview Images	Summarize regeneration result	2026-06-26T17:07:21.6738271Z shell: sh -e {0}
Regenerate Preview Images	Summarize regeneration result	2026-06-26T17:07:21.6738501Z env:
Regenerate Preview Images	Summarize regeneration result	2026-06-26T17:07:21.6738728Z   PLAYWRIGHT_BROWSERS_PATH: /ms-playwright
Regenerate Preview Images	Summarize regeneration result	2026-06-26T17:07:21.6739008Z ##[endgroup]
Regenerate Preview Images	Summarize regeneration result	2026-06-26T17:07:21.7262942Z /__w/_temp/5acf5807-5c62-48bb-98cf-20fd267d2ef6.sh: 1: [[: not found
Regenerate Preview Images	Summarize regeneration result	2026-06-26T17:07:21.7280456Z ##[notice]Preview images are already up to date.
Regenerate Preview Images	Post Run actions/checkout@v6	﻿2026-06-26T17:07:21.7387059Z Post job cleanup.
Regenerate Preview Images	Post Run actions/checkout@v6	2026-06-26T17:07:21.7395318Z ##[command]/usr/bin/docker exec  6ea8b8f8713404b3bb3be83a9463ddf46393bfc6b0dc17d17db1af274d80bca0 sh -c "cat /etc/*release | grep ^ID"
Regenerate Preview Images	Post Run actions/checkout@v6	2026-06-26T17:07:21.9345255Z [command]/usr/bin/git version
Regenerate Preview Images	Post Run actions/checkout@v6	2026-06-26T17:07:21.9416484Z git version 2.43.0
Regenerate Preview Images	Post Run actions/checkout@v6	2026-06-26T17:07:21.9468262Z Temporarily overriding HOME='/__w/_temp/9994df18-a33f-463a-9b70-4a128c6080a6' before making global git config changes
Regenerate Preview Images	Post Run actions/checkout@v6	2026-06-26T17:07:21.9469507Z Adding repository directory to the temporary git global config as a safe directory
Regenerate Preview Images	Post Run actions/checkout@v6	2026-06-26T17:07:21.9474182Z [command]/usr/bin/git config --global --add safe.directory /__w/numbers-vectorization/numbers-vectorization
Regenerate Preview Images	Post Run actions/checkout@v6	2026-06-26T17:07:21.9509002Z Removing SSH command configuration
Regenerate Preview Images	Post Run actions/checkout@v6	2026-06-26T17:07:21.9516270Z [command]/usr/bin/git config --local --name-only --get-regexp core\.sshCommand
Regenerate Preview Images	Post Run actions/checkout@v6	2026-06-26T17:07:21.9559349Z [command]/usr/bin/git submodule foreach --recursive sh -c "git config --local --name-only --get-regexp 'core\.sshCommand' && git config --local --unset-all 'core.sshCommand' || :"
Regenerate Preview Images	Post Run actions/checkout@v6	2026-06-26T17:07:21.9821763Z Removing HTTP extra header
Regenerate Preview Images	Post Run actions/checkout@v6	2026-06-26T17:07:21.9822412Z [command]/usr/bin/git config --local --name-only --get-regexp http\.https\:\/\/github\.com\/\.extraheader
Regenerate Preview Images	Post Run actions/checkout@v6	2026-06-26T17:07:21.9857385Z [command]/usr/bin/git submodule foreach --recursive sh -c "git config --local --name-only --get-regexp 'http\.https\:\/\/github\.com\/\.extraheader' && git config --local --unset-all 'http.https://github.com/.extraheader' || :"
Regenerate Preview Images	Post Run actions/checkout@v6	2026-06-26T17:07:22.0109329Z Removing includeIf entries pointing to credentials config files
Regenerate Preview Images	Post Run actions/checkout@v6	2026-06-26T17:07:22.0116657Z [command]/usr/bin/git config --local --name-only --get-regexp ^includeIf\.gitdir:
Regenerate Preview Images	Post Run actions/checkout@v6	2026-06-26T17:07:22.0143559Z includeif.gitdir:/__w/numbers-vectorization/numbers-vectorization/.git.path
Regenerate Preview Images	Post Run actions/checkout@v6	2026-06-26T17:07:22.0144931Z includeif.gitdir:/__w/numbers-vectorization/numbers-vectorization/.git/worktrees/*.path
Regenerate Preview Images	Post Run actions/checkout@v6	2026-06-26T17:07:22.0146087Z includeif.gitdir:/github/workspace/.git.path
Regenerate Preview Images	Post Run actions/checkout@v6	2026-06-26T17:07:22.0147156Z includeif.gitdir:/github/workspace/.git/worktrees/*.path
Regenerate Preview Images	Post Run actions/checkout@v6	2026-06-26T17:07:22.0153517Z [command]/usr/bin/git config --local --get-all includeif.gitdir:/__w/numbers-vectorization/numbers-vectorization/.git.path
Regenerate Preview Images	Post Run actions/checkout@v6	2026-06-26T17:07:22.0176951Z /__w/_temp/git-credentials-022c8f07-7cc9-4831-a462-5898b0f780ac.config
Regenerate Preview Images	Post Run actions/checkout@v6	2026-06-26T17:07:22.0189265Z [command]/usr/bin/git config --local --unset includeif.gitdir:/__w/numbers-vectorization/numbers-vectorization/.git.path /__w/_temp/git-credentials-022c8f07-7cc9-4831-a462-5898b0f780ac.config
Regenerate Preview Images	Post Run actions/checkout@v6	2026-06-26T17:07:22.0226699Z [command]/usr/bin/git config --local --get-all includeif.gitdir:/__w/numbers-vectorization/numbers-vectorization/.git/worktrees/*.path
Regenerate Preview Images	Post Run actions/checkout@v6	2026-06-26T17:07:22.0251710Z /__w/_temp/git-credentials-022c8f07-7cc9-4831-a462-5898b0f780ac.config
Regenerate Preview Images	Post Run actions/checkout@v6	2026-06-26T17:07:22.0261735Z [command]/usr/bin/git config --local --unset includeif.gitdir:/__w/numbers-vectorization/numbers-vectorization/.git/worktrees/*.path /__w/_temp/git-credentials-022c8f07-7cc9-4831-a462-5898b0f780ac.config
Regenerate Preview Images	Post Run actions/checkout@v6	2026-06-26T17:07:22.0293702Z [command]/usr/bin/git config --local --get-all includeif.gitdir:/github/workspace/.git.path
Regenerate Preview Images	Post Run actions/checkout@v6	2026-06-26T17:07:22.0315293Z /github/runner_temp/git-credentials-022c8f07-7cc9-4831-a462-5898b0f780ac.config
Regenerate Preview Images	Post Run actions/checkout@v6	2026-06-26T17:07:22.0327003Z [command]/usr/bin/git config --local --unset includeif.gitdir:/github/workspace/.git.path /github/runner_temp/git-credentials-022c8f07-7cc9-4831-a462-5898b0f780ac.config
Regenerate Preview Images	Post Run actions/checkout@v6	2026-06-26T17:07:22.0359443Z [command]/usr/bin/git config --local --get-all includeif.gitdir:/github/workspace/.git/worktrees/*.path
Regenerate Preview Images	Post Run actions/checkout@v6	2026-06-26T17:07:22.0384386Z /github/runner_temp/git-credentials-022c8f07-7cc9-4831-a462-5898b0f780ac.config
Regenerate Preview Images	Post Run actions/checkout@v6	2026-06-26T17:07:22.0394180Z [command]/usr/bin/git config --local --unset includeif.gitdir:/github/workspace/.git/worktrees/*.path /github/runner_temp/git-credentials-022c8f07-7cc9-4831-a462-5898b0f780ac.config
Regenerate Preview Images	Post Run actions/checkout@v6	2026-06-26T17:07:22.0429354Z [command]/usr/bin/git submodule foreach --recursive git config --local --show-origin --name-only --get-regexp remote.origin.url
Regenerate Preview Images	Post Run actions/checkout@v6	2026-06-26T17:07:22.0674114Z Removing credentials config '/__w/_temp/git-credentials-022c8f07-7cc9-4831-a462-5898b0f780ac.config'
Regenerate Preview Images	Stop containers	﻿2026-06-26T17:07:22.0826466Z Stop and remove container: 2f5cf88bfe71465e9d3be5a9c748a9b3_mcrmicrosoftcomplaywrightv1591noble_af9401
Regenerate Preview Images	Stop containers	2026-06-26T17:07:22.0831564Z ##[command]/usr/bin/docker rm --force 6ea8b8f8713404b3bb3be83a9463ddf46393bfc6b0dc17d17db1af274d80bca0
Regenerate Preview Images	Stop containers	2026-06-26T17:07:23.5504213Z 6ea8b8f8713404b3bb3be83a9463ddf46393bfc6b0dc17d17db1af274d80bca0
Regenerate Preview Images	Stop containers	2026-06-26T17:07:23.5534737Z Remove container network: github_network_fd596d1304cc41abbe72e96bacab7c59
Regenerate Preview Images	Stop containers	2026-06-26T17:07:23.5539631Z ##[command]/usr/bin/docker network rm github_network_fd596d1304cc41abbe72e96bacab7c59
Regenerate Preview Images	Stop containers	2026-06-26T17:07:23.6606271Z github_network_fd596d1304cc41abbe72e96bacab7c59
Regenerate Preview Images	Complete job	﻿2026-06-26T17:07:23.6680041Z Cleaning up orphan processes
Package desktop app (ubuntu-latest)	UNKNOWN STEP	﻿2026-06-26T16:10:39.1756385Z Current runner version: '2.335.1'
Package desktop app (ubuntu-latest)	UNKNOWN STEP	2026-06-26T16:10:39.1793619Z ##[group]Runner Image Provisioner
Package desktop app (ubuntu-latest)	UNKNOWN STEP	2026-06-26T16:10:39.1794961Z Hosted Compute Agent
Package desktop app (ubuntu-latest)	UNKNOWN STEP	2026-06-26T16:10:39.1795959Z Version: 20260611.554
Package desktop app (ubuntu-latest)	UNKNOWN STEP	2026-06-26T16:10:39.1796997Z Commit: 5e0782fdc9014723d3be820dd114dd31555c2bd1
Package desktop app (ubuntu-latest)	UNKNOWN STEP	2026-06-26T16:10:39.1798219Z Build Date: 2026-06-11T21:40:46Z
Package desktop app (ubuntu-latest)	UNKNOWN STEP	2026-06-26T16:10:39.1799923Z Worker ID: {e4c83789-dfc6-418d-bb1c-cdfff5d46573}
Package desktop app (ubuntu-latest)	UNKNOWN STEP	2026-06-26T16:10:39.1801199Z Azure Region: eastus2
Package desktop app (ubuntu-latest)	UNKNOWN STEP	2026-06-26T16:10:39.1802144Z ##[endgroup]
Package desktop app (ubuntu-latest)	UNKNOWN STEP	2026-06-26T16:10:39.1804796Z ##[group]Operating System
Package desktop app (ubuntu-latest)	UNKNOWN STEP	2026-06-26T16:10:39.1805974Z Ubuntu
Package desktop app (ubuntu-latest)	UNKNOWN STEP	2026-06-26T16:10:39.1807079Z 24.04.4
Package desktop app (ubuntu-latest)	UNKNOWN STEP	2026-06-26T16:10:39.1808083Z LTS
Package desktop app (ubuntu-latest)	UNKNOWN STEP	2026-06-26T16:10:39.1809002Z ##[endgroup]
Package desktop app (ubuntu-latest)	UNKNOWN STEP	2026-06-26T16:10:39.1810175Z ##[group]Runner Image
Package desktop app (ubuntu-latest)	UNKNOWN STEP	2026-06-26T16:10:39.1811125Z Image: ubuntu-24.04
Package desktop app (ubuntu-latest)	UNKNOWN STEP	2026-06-26T16:10:39.1812287Z Version: 20260622.220.1
Package desktop app (ubuntu-latest)	UNKNOWN STEP	2026-06-26T16:10:39.1814410Z Included Software: https://github.com/actions/runner-images/blob/ubuntu24/20260622.220/images/ubuntu/Ubuntu2404-Readme.md
Package desktop app (ubuntu-latest)	UNKNOWN STEP	2026-06-26T16:10:39.1817246Z Image Release: https://github.com/actions/runner-images/releases/tag/ubuntu24%2F20260622.220
Package desktop app (ubuntu-latest)	UNKNOWN STEP	2026-06-26T16:10:39.1818890Z ##[endgroup]
Package desktop app (ubuntu-latest)	UNKNOWN STEP	2026-06-26T16:10:39.1821206Z ##[group]GITHUB_TOKEN Permissions
Package desktop app (ubuntu-latest)	UNKNOWN STEP	2026-06-26T16:10:39.1824057Z Contents: read
Package desktop app (ubuntu-latest)	UNKNOWN STEP	2026-06-26T16:10:39.1825041Z Metadata: read
Package desktop app (ubuntu-latest)	UNKNOWN STEP	2026-06-26T16:10:39.1825984Z Pages: write
Package desktop app (ubuntu-latest)	UNKNOWN STEP	2026-06-26T16:10:39.1826961Z ##[endgroup]
Package desktop app (ubuntu-latest)	UNKNOWN STEP	2026-06-26T16:10:39.1830145Z Secret source: Actions
Package desktop app (ubuntu-latest)	UNKNOWN STEP	2026-06-26T16:10:39.1831328Z Prepare workflow directory
Package desktop app (ubuntu-latest)	UNKNOWN STEP	2026-06-26T16:10:39.2302067Z Prepare all required actions
Package desktop app (ubuntu-latest)	UNKNOWN STEP	2026-06-26T16:10:39.2357687Z Getting action download info
Package desktop app (ubuntu-latest)	UNKNOWN STEP	2026-06-26T16:10:39.4267133Z Download action repository 'actions/checkout@v6' (SHA:df4cb1c069e1874edd31b4311f1884172cec0e10)
Package desktop app (ubuntu-latest)	UNKNOWN STEP	2026-06-26T16:10:39.5113198Z Download action repository 'actions/setup-node@v6' (SHA:48b55a011bda9f5d6aeb4c2d9c7362e8dae4041e)
Package desktop app (ubuntu-latest)	UNKNOWN STEP	2026-06-26T16:10:39.5947275Z Download action repository 'actions/upload-artifact@v7' (SHA:043fb46d1a93c77aae656e7c1c64a875d1fc6a0a)
Package desktop app (ubuntu-latest)	UNKNOWN STEP	2026-06-26T16:10:39.7830979Z Complete job name: Package desktop app (ubuntu-latest)
Package desktop app (ubuntu-latest)	UNKNOWN STEP	2026-06-26T16:10:39.8577760Z ##[group]Run actions/checkout@v6
Package desktop app (ubuntu-latest)	UNKNOWN STEP	2026-06-26T16:10:39.8578643Z with:
Package desktop app (ubuntu-latest)	UNKNOWN STEP	2026-06-26T16:10:39.8579112Z   repository: konard/numbers-vectorization
Package desktop app (ubuntu-latest)	UNKNOWN STEP	2026-06-26T16:10:39.8583959Z   token: ***
Package desktop app (ubuntu-latest)	UNKNOWN STEP	2026-06-26T16:10:39.8584390Z   ssh-strict: true
Package desktop app (ubuntu-latest)	UNKNOWN STEP	2026-06-26T16:10:39.8584824Z   ssh-user: git
Package desktop app (ubuntu-latest)	UNKNOWN STEP	2026-06-26T16:10:39.8585258Z   persist-credentials: true
Package desktop app (ubuntu-latest)	UNKNOWN STEP	2026-06-26T16:10:39.8585743Z   clean: true
Package desktop app (ubuntu-latest)	UNKNOWN STEP	2026-06-26T16:10:39.8586173Z   sparse-checkout-cone-mode: true
Package desktop app (ubuntu-latest)	UNKNOWN STEP	2026-06-26T16:10:39.8586708Z   fetch-depth: 1
Package desktop app (ubuntu-latest)	UNKNOWN STEP	2026-06-26T16:10:39.8587138Z   fetch-tags: false
Package desktop app (ubuntu-latest)	UNKNOWN STEP	2026-06-26T16:10:39.8587582Z   show-progress: true
Package desktop app (ubuntu-latest)	UNKNOWN STEP	2026-06-26T16:10:39.8588044Z   lfs: false
Package desktop app (ubuntu-latest)	UNKNOWN STEP	2026-06-26T16:10:39.8588450Z   submodules: false
Package desktop app (ubuntu-latest)	UNKNOWN STEP	2026-06-26T16:10:39.8588890Z   set-safe-directory: true
Package desktop app (ubuntu-latest)	UNKNOWN STEP	2026-06-26T16:10:39.8589787Z ##[endgroup]
Package desktop app (ubuntu-latest)	UNKNOWN STEP	2026-06-26T16:10:39.9578900Z Syncing repository: konard/numbers-vectorization
Package desktop app (ubuntu-latest)	UNKNOWN STEP	2026-06-26T16:10:39.9581164Z ##[group]Getting Git version info
Package desktop app (ubuntu-latest)	UNKNOWN STEP	2026-06-26T16:10:39.9582250Z Working directory is '/home/runner/work/numbers-vectorization/numbers-vectorization'
Package desktop app (ubuntu-latest)	UNKNOWN STEP	2026-06-26T16:10:39.9583419Z [command]/usr/bin/git version
Package desktop app (ubuntu-latest)	UNKNOWN STEP	2026-06-26T16:10:39.9664181Z git version 2.54.0
Package desktop app (ubuntu-latest)	UNKNOWN STEP	2026-06-26T16:10:39.9718682Z ##[endgroup]
Package desktop app (ubuntu-latest)	UNKNOWN STEP	2026-06-26T16:10:39.9733535Z Temporarily overriding HOME='/home/runner/work/_temp/9d74d758-0ab0-402c-9a5d-534164c2d3d1' before making global git config changes
Package desktop app (ubuntu-latest)	UNKNOWN STEP	2026-06-26T16:10:39.9735447Z Adding repository directory to the temporary git global config as a safe directory
Package desktop app (ubuntu-latest)	UNKNOWN STEP	2026-06-26T16:10:39.9738795Z [command]/usr/bin/git config --global --add safe.directory /home/runner/work/numbers-vectorization/numbers-vectorization
Package desktop app (ubuntu-latest)	UNKNOWN STEP	2026-06-26T16:10:39.9804719Z Deleting the contents of '/home/runner/work/numbers-vectorization/numbers-vectorization'
Package desktop app (ubuntu-latest)	UNKNOWN STEP	2026-06-26T16:10:39.9808436Z ##[group]Determining repository object format
Package desktop app (ubuntu-latest)	UNKNOWN STEP	2026-06-26T16:10:39.9811356Z ##[endgroup]
Package desktop app (ubuntu-latest)	UNKNOWN STEP	2026-06-26T16:10:39.9812101Z ##[group]Initializing the repository
Package desktop app (ubuntu-latest)	UNKNOWN STEP	2026-06-26T16:10:39.9817030Z [command]/usr/bin/git init /home/runner/work/numbers-vectorization/numbers-vectorization
Package desktop app (ubuntu-latest)	UNKNOWN STEP	2026-06-26T16:10:39.9981687Z hint: Using 'master' as the name for the initial branch. This default branch name
Package desktop app (ubuntu-latest)	UNKNOWN STEP	2026-06-26T16:10:39.9983104Z hint: will change to "main" in Git 3.0. To configure the initial branch name
Package desktop app (ubuntu-latest)	UNKNOWN STEP	2026-06-26T16:10:39.9984138Z hint: to use in all of your new repositories, which will suppress this warning,
Package desktop app (ubuntu-latest)	UNKNOWN STEP	2026-06-26T16:10:39.9984931Z hint: call:
Package desktop app (ubuntu-latest)	UNKNOWN STEP	2026-06-26T16:10:39.9985404Z hint:
Package desktop app (ubuntu-latest)	UNKNOWN STEP	2026-06-26T16:10:39.9985950Z hint: 	git config --global init.defaultBranch <name>
Package desktop app (ubuntu-latest)	UNKNOWN STEP	2026-06-26T16:10:39.9986613Z hint:
Package desktop app (ubuntu-latest)	UNKNOWN STEP	2026-06-26T16:10:39.9987237Z hint: Names commonly chosen instead of 'master' are 'main', 'trunk' and
Package desktop app (ubuntu-latest)	UNKNOWN STEP	2026-06-26T16:10:39.9988385Z hint: 'development'. The just-created branch can be renamed via this command:
Package desktop app (ubuntu-latest)	UNKNOWN STEP	2026-06-26T16:10:39.9989532Z hint:
Package desktop app (ubuntu-latest)	UNKNOWN STEP	2026-06-26T16:10:39.9990367Z hint: 	git branch -m <name>
Package desktop app (ubuntu-latest)	UNKNOWN STEP	2026-06-26T16:10:39.9991054Z hint:
Package desktop app (ubuntu-latest)	UNKNOWN STEP	2026-06-26T16:10:39.9991893Z hint: Disable this message with "git config set advice.defaultBranchName false"
Package desktop app (ubuntu-latest)	UNKNOWN STEP	2026-06-26T16:10:39.9994270Z Initialized empty Git repository in /home/runner/work/numbers-vectorization/numbers-vectorization/.git/
Package desktop app (ubuntu-latest)	UNKNOWN STEP	2026-06-26T16:10:40.0003696Z [command]/usr/bin/git remote add origin https://github.com/konard/numbers-vectorization
Package desktop app (ubuntu-latest)	UNKNOWN STEP	2026-06-26T16:10:40.0069046Z ##[endgroup]
Package desktop app (ubuntu-latest)	UNKNOWN STEP	2026-06-26T16:10:40.0070119Z ##[group]Disabling automatic garbage collection
Package desktop app (ubuntu-latest)	UNKNOWN STEP	2026-06-26T16:10:40.0073312Z [command]/usr/bin/git config --local gc.auto 0
Package desktop app (ubuntu-latest)	UNKNOWN STEP	2026-06-26T16:10:40.0103376Z ##[endgroup]
Package desktop app (ubuntu-latest)	UNKNOWN STEP	2026-06-26T16:10:40.0105119Z ##[group]Setting up auth
Package desktop app (ubuntu-latest)	UNKNOWN STEP	2026-06-26T16:10:40.0106067Z Removing SSH command configuration
Package desktop app (ubuntu-latest)	UNKNOWN STEP	2026-06-26T16:10:40.0111804Z [command]/usr/bin/git config --local --name-only --get-regexp core\.sshCommand
Package desktop app (ubuntu-latest)	UNKNOWN STEP	2026-06-26T16:10:40.0160472Z [command]/usr/bin/git submodule foreach --recursive sh -c "git config --local --name-only --get-regexp 'core\.sshCommand' && git config --local --unset-all 'core.sshCommand' || :"
Package desktop app (ubuntu-latest)	UNKNOWN STEP	2026-06-26T16:10:40.0528608Z Removing HTTP extra header
Package desktop app (ubuntu-latest)	UNKNOWN STEP	2026-06-26T16:10:40.0535592Z [command]/usr/bin/git config --local --name-only --get-regexp http\.https\:\/\/github\.com\/\.extraheader
Package desktop app (ubuntu-latest)	UNKNOWN STEP	2026-06-26T16:10:40.0565892Z [command]/usr/bin/git submodule foreach --recursive sh -c "git config --local --name-only --get-regexp 'http\.https\:\/\/github\.com\/\.extraheader' && git config --local --unset-all 'http.https://github.com/.extraheader' || :"
Package desktop app (ubuntu-latest)	UNKNOWN STEP	2026-06-26T16:10:40.0778099Z Removing includeIf entries pointing to credentials config files
Package desktop app (ubuntu-latest)	UNKNOWN STEP	2026-06-26T16:10:40.0784142Z [command]/usr/bin/git config --local --name-only --get-regexp ^includeIf\.gitdir:
Package desktop app (ubuntu-latest)	UNKNOWN STEP	2026-06-26T16:10:40.0814746Z [command]/usr/bin/git submodule foreach --recursive git config --local --show-origin --name-only --get-regexp remote.origin.url
Package desktop app (ubuntu-latest)	UNKNOWN STEP	2026-06-26T16:10:40.1039163Z [command]/usr/bin/git config --file /home/runner/work/_temp/git-credentials-2818f024-f808-4f92-bf05-09b2b3e9eb4d.config http.https://github.com/.extraheader AUTHORIZATION: basic ***
Package desktop app (ubuntu-latest)	UNKNOWN STEP	2026-06-26T16:10:40.1076854Z [command]/usr/bin/git config --local includeIf.gitdir:/home/runner/work/numbers-vectorization/numbers-vectorization/.git.path /home/runner/work/_temp/git-credentials-2818f024-f808-4f92-bf05-09b2b3e9eb4d.config
Package desktop app (ubuntu-latest)	UNKNOWN STEP	2026-06-26T16:10:40.1106567Z [command]/usr/bin/git config --local includeIf.gitdir:/home/runner/work/numbers-vectorization/numbers-vectorization/.git/worktrees/*.path /home/runner/work/_temp/git-credentials-2818f024-f808-4f92-bf05-09b2b3e9eb4d.config
Package desktop app (ubuntu-latest)	UNKNOWN STEP	2026-06-26T16:10:40.1141181Z [command]/usr/bin/git config --local includeIf.gitdir:/github/workspace/.git.path /github/runner_temp/git-credentials-2818f024-f808-4f92-bf05-09b2b3e9eb4d.config
Package desktop app (ubuntu-latest)	UNKNOWN STEP	2026-06-26T16:10:40.1172533Z [command]/usr/bin/git config --local includeIf.gitdir:/github/workspace/.git/worktrees/*.path /github/runner_temp/git-credentials-2818f024-f808-4f92-bf05-09b2b3e9eb4d.config
Package desktop app (ubuntu-latest)	UNKNOWN STEP	2026-06-26T16:10:40.1201228Z ##[endgroup]
Package desktop app (ubuntu-latest)	UNKNOWN STEP	2026-06-26T16:10:40.1201983Z ##[group]Fetching the repository
Package desktop app (ubuntu-latest)	UNKNOWN STEP	2026-06-26T16:10:40.1209226Z [command]/usr/bin/git -c protocol.version=2 fetch --no-tags --prune --no-recurse-submodules --depth=1 origin +70d4599ed0a2af9685898466adfca4e118b39e34:refs/remotes/origin/main
Package desktop app (ubuntu-latest)	UNKNOWN STEP	2026-06-26T16:10:40.4577240Z From https://github.com/konard/numbers-vectorization
Package desktop app (ubuntu-latest)	UNKNOWN STEP	2026-06-26T16:10:40.4580836Z  * [new ref]         70d4599ed0a2af9685898466adfca4e118b39e34 -> origin/main
Package desktop app (ubuntu-latest)	UNKNOWN STEP	2026-06-26T16:10:40.4623234Z [command]/usr/bin/git branch --list --remote origin/main
Package desktop app (ubuntu-latest)	UNKNOWN STEP	2026-06-26T16:10:40.4650903Z   origin/main
Package desktop app (ubuntu-latest)	UNKNOWN STEP	2026-06-26T16:10:40.4660012Z [command]/usr/bin/git rev-parse refs/remotes/origin/main
Package desktop app (ubuntu-latest)	UNKNOWN STEP	2026-06-26T16:10:40.4683674Z 70d4599ed0a2af9685898466adfca4e118b39e34
Package desktop app (ubuntu-latest)	UNKNOWN STEP	2026-06-26T16:10:40.4688207Z ##[endgroup]
Package desktop app (ubuntu-latest)	UNKNOWN STEP	2026-06-26T16:10:40.4689571Z ##[group]Determining the checkout info
Package desktop app (ubuntu-latest)	UNKNOWN STEP	2026-06-26T16:10:40.4690971Z ##[endgroup]
Package desktop app (ubuntu-latest)	UNKNOWN STEP	2026-06-26T16:10:40.4695256Z [command]/usr/bin/git sparse-checkout disable
Package desktop app (ubuntu-latest)	UNKNOWN STEP	2026-06-26T16:10:40.4742024Z [command]/usr/bin/git config --local --unset-all extensions.worktreeConfig
Package desktop app (ubuntu-latest)	UNKNOWN STEP	2026-06-26T16:10:40.4769203Z ##[group]Checking out the ref
Package desktop app (ubuntu-latest)	UNKNOWN STEP	2026-06-26T16:10:40.4774626Z [command]/usr/bin/git checkout --progress --force -B main refs/remotes/origin/main
Package desktop app (ubuntu-latest)	UNKNOWN STEP	2026-06-26T16:10:40.5206682Z Switched to a new branch 'main'
Package desktop app (ubuntu-latest)	UNKNOWN STEP	2026-06-26T16:10:40.5208769Z branch 'main' set up to track 'origin/main'.
Package desktop app (ubuntu-latest)	UNKNOWN STEP	2026-06-26T16:10:40.5220101Z ##[endgroup]
Package desktop app (ubuntu-latest)	UNKNOWN STEP	2026-06-26T16:10:40.5280653Z [command]/usr/bin/git log -1 --format=%H
Package desktop app (ubuntu-latest)	UNKNOWN STEP	2026-06-26T16:10:40.5305944Z 70d4599ed0a2af9685898466adfca4e118b39e34
Package desktop app (ubuntu-latest)	UNKNOWN STEP	2026-06-26T16:10:40.5656802Z ##[group]Run actions/setup-node@v6
Package desktop app (ubuntu-latest)	UNKNOWN STEP	2026-06-26T16:10:40.5657849Z with:
Package desktop app (ubuntu-latest)	UNKNOWN STEP	2026-06-26T16:10:40.5658554Z   node-version: 20.x
Package desktop app (ubuntu-latest)	UNKNOWN STEP	2026-06-26T16:10:40.5659521Z   cache: npm
Package desktop app (ubuntu-latest)	UNKNOWN STEP	2026-06-26T16:10:40.5660654Z   cache-dependency-path: examples/universal-app/package-lock.json
Package desktop app (ubuntu-latest)	UNKNOWN STEP	2026-06-26T16:10:40.5662105Z   check-latest: false
Package desktop app (ubuntu-latest)	UNKNOWN STEP	2026-06-26T16:10:40.5674060Z   token: ***
Package desktop app (ubuntu-latest)	UNKNOWN STEP	2026-06-26T16:10:40.5674855Z   package-manager-cache: true
Package desktop app (ubuntu-latest)	UNKNOWN STEP	2026-06-26T16:10:40.5675773Z ##[endgroup]
Package desktop app (ubuntu-latest)	UNKNOWN STEP	2026-06-26T16:10:40.7384635Z Attempting to download 20.x...
Package desktop app (ubuntu-latest)	UNKNOWN STEP	2026-06-26T16:10:41.1703426Z Acquiring 20.20.2 - x64 from https://github.com/actions/node-versions/releases/download/20.20.2-23521894959/node-20.20.2-linux-x64.tar.gz
Package desktop app (ubuntu-latest)	UNKNOWN STEP	2026-06-26T16:10:41.5603854Z Extracting ...
Package desktop app (ubuntu-latest)	UNKNOWN STEP	2026-06-26T16:10:41.5713509Z [command]/usr/bin/tar xz --strip 1 --warning=no-unknown-keyword --overwrite -C /home/runner/work/_temp/2dd3973d-0d4c-4383-8da1-bd05a0d4744e -f /home/runner/work/_temp/94da01e3-ade6-440a-9d0a-50e0f424e01d
Package desktop app (ubuntu-latest)	UNKNOWN STEP	2026-06-26T16:10:42.5841060Z Adding to the cache ...
Package desktop app (ubuntu-latest)	UNKNOWN STEP	2026-06-26T16:10:44.3687396Z ##[group]Environment details
Package desktop app (ubuntu-latest)	UNKNOWN STEP	2026-06-26T16:10:44.5986518Z node: v20.20.2
Package desktop app (ubuntu-latest)	UNKNOWN STEP	2026-06-26T16:10:44.5987225Z npm: 10.8.2
Package desktop app (ubuntu-latest)	UNKNOWN STEP	2026-06-26T16:10:44.5987615Z yarn: 1.22.22
Package desktop app (ubuntu-latest)	UNKNOWN STEP	2026-06-26T16:10:44.5988699Z ##[endgroup]
Package desktop app (ubuntu-latest)	UNKNOWN STEP	2026-06-26T16:10:44.6007505Z [command]/opt/hostedtoolcache/node/20.20.2/x64/bin/npm config get cache
Package desktop app (ubuntu-latest)	UNKNOWN STEP	2026-06-26T16:10:44.7020372Z /home/runner/.npm
Package desktop app (ubuntu-latest)	UNKNOWN STEP	2026-06-26T16:10:44.8341795Z Cache hit for: node-cache-Linux-x64-npm-c3fdb96c54c657819d363bfcc7a231d9d23fc1642c1368507629cff4f1c70092
Package desktop app (ubuntu-latest)	UNKNOWN STEP	2026-06-26T16:10:45.1525503Z Received 49241976 of 49241976 (100.0%), 173.9 MBs/sec
Package desktop app (ubuntu-latest)	UNKNOWN STEP	2026-06-26T16:10:45.1526483Z Cache Size: ~47 MB (49241976 B)
Package desktop app (ubuntu-latest)	UNKNOWN STEP	2026-06-26T16:10:45.1559817Z [command]/usr/bin/tar -xf /home/runner/work/_temp/58ad1bad-916f-49a7-be86-223d68151b46/cache.tzst -P -C /home/runner/work/numbers-vectorization/numbers-vectorization --use-compress-program unzstd
Package desktop app (ubuntu-latest)	UNKNOWN STEP	2026-06-26T16:10:45.3513788Z Cache restored successfully
Package desktop app (ubuntu-latest)	UNKNOWN STEP	2026-06-26T16:10:45.3542398Z Cache restored from key: node-cache-Linux-x64-npm-c3fdb96c54c657819d363bfcc7a231d9d23fc1642c1368507629cff4f1c70092
Package desktop app (ubuntu-latest)	UNKNOWN STEP	2026-06-26T16:10:45.3753859Z ##[group]Run npm ci --prefix examples/universal-app
Package desktop app (ubuntu-latest)	UNKNOWN STEP	2026-06-26T16:10:45.3754372Z ^[[36;1mnpm ci --prefix examples/universal-app^[[0m
Package desktop app (ubuntu-latest)	UNKNOWN STEP	2026-06-26T16:10:45.3960954Z shell: /usr/bin/bash -e {0}
Package desktop app (ubuntu-latest)	UNKNOWN STEP	2026-06-26T16:10:45.3961423Z ##[endgroup]
Package desktop app (ubuntu-latest)	UNKNOWN STEP	2026-06-26T16:10:46.2264094Z npm warn skipping integrity check for git dependency ssh://git@github.com/electron/node-gyp.git
Package desktop app (ubuntu-latest)	UNKNOWN STEP	2026-06-26T16:10:47.7143302Z npm warn deprecated inflight@1.0.6: This module is not supported, and leaks memory. Do not use it. Check out lru-cache if you want a good and tested way to coalesce async requests by a key value, which is much more comprehensive and powerful.
Package desktop app (ubuntu-latest)	UNKNOWN STEP	2026-06-26T16:10:47.7158019Z npm warn deprecated gar@1.0.4: Package no longer supported. Contact Support at https://www.npmjs.com/support for more info.
Package desktop app (ubuntu-latest)	UNKNOWN STEP	2026-06-26T16:10:47.7502006Z npm warn deprecated lodash.get@4.4.2: This package is deprecated. Use the optional chaining (?.) operator instead.
Package desktop app (ubuntu-latest)	UNKNOWN STEP	2026-06-26T16:10:47.7624728Z npm warn deprecated @npmcli/move-file@2.0.1: This functionality has been moved to @npmcli/fs
Package desktop app (ubuntu-latest)	UNKNOWN STEP	2026-06-26T16:10:47.8043278Z npm warn deprecated rimraf@2.6.3: Rimraf versions prior to v4 are no longer supported
Package desktop app (ubuntu-latest)	UNKNOWN STEP	2026-06-26T16:10:47.8677967Z npm warn deprecated rimraf@3.0.2: Rimraf versions prior to v4 are no longer supported
Package desktop app (ubuntu-latest)	UNKNOWN STEP	2026-06-26T16:10:47.8683169Z npm warn deprecated rimraf@3.0.2: Rimraf versions prior to v4 are no longer supported
Package desktop app (ubuntu-latest)	UNKNOWN STEP	2026-06-26T16:10:47.9219039Z npm warn deprecated glob@7.2.3: Old versions of glob are not supported, and contain widely publicized security vulnerabilities, which have been fixed in the current version. Please update. Support for old versions may be purchased (at exorbitant rates) by contacting i@izs.me
Package desktop app (ubuntu-latest)	UNKNOWN STEP	2026-06-26T16:10:47.9342945Z npm warn deprecated glob@7.2.3: Old versions of glob are not supported, and contain widely publicized security vulnerabilities, which have been fixed in the current version. Please update. Support for old versions may be purchased (at exorbitant rates) by contacting i@izs.me
Package desktop app (ubuntu-latest)	UNKNOWN STEP	2026-06-26T16:10:47.9347620Z npm warn deprecated glob@8.1.0: Old versions of glob are not supported, and contain widely publicized security vulnerabilities, which have been fixed in the current version. Please update. Support for old versions may be purchased (at exorbitant rates) by contacting i@izs.me
Package desktop app (ubuntu-latest)	UNKNOWN STEP	2026-06-26T16:10:47.9351234Z npm warn deprecated glob@8.1.0: Old versions of glob are not supported, and contain widely publicized security vulnerabilities, which have been fixed in the current version. Please update. Support for old versions may be purchased (at exorbitant rates) by contacting i@izs.me
Package desktop app (ubuntu-latest)	UNKNOWN STEP	2026-06-26T16:10:48.1382941Z npm warn deprecated boolean@3.2.0: Package no longer supported. Contact Support at https://www.npmjs.com/support for more info.
Package desktop app (ubuntu-latest)	UNKNOWN STEP	2026-06-26T16:10:48.6260802Z npm warn deprecated tar@6.2.1: Old versions of tar are not supported, and contain widely publicized security vulnerabilities, which have been fixed in the current version. Please update. Support for old versions may be purchased (at exorbitant rates) by contacting i@izs.me
Package desktop app (ubuntu-latest)	UNKNOWN STEP	2026-06-26T16:10:48.6266955Z npm warn deprecated tar@6.2.1: Old versions of tar are not supported, and contain widely publicized security vulnerabilities, which have been fixed in the current version. Please update. Support for old versions may be purchased (at exorbitant rates) by contacting i@izs.me
Package desktop app (ubuntu-latest)	UNKNOWN STEP	2026-06-26T16:10:48.6270704Z npm warn deprecated tar@6.2.1: Old versions of tar are not supported, and contain widely publicized security vulnerabilities, which have been fixed in the current version. Please update. Support for old versions may be purchased (at exorbitant rates) by contacting i@izs.me
Package desktop app (ubuntu-latest)	UNKNOWN STEP	2026-06-26T16:10:53.7336435Z
Package desktop app (ubuntu-latest)	UNKNOWN STEP	2026-06-26T16:10:53.7337261Z added 645 packages, and audited 646 packages in 8s
Package desktop app (ubuntu-latest)	UNKNOWN STEP	2026-06-26T16:10:53.7350110Z
Package desktop app (ubuntu-latest)	UNKNOWN STEP	2026-06-26T16:10:53.7350600Z 102 packages are looking for funding
Package desktop app (ubuntu-latest)	UNKNOWN STEP	2026-06-26T16:10:53.7350982Z   run `npm fund` for details
Package desktop app (ubuntu-latest)	UNKNOWN STEP	2026-06-26T16:10:53.7983705Z
Package desktop app (ubuntu-latest)	UNKNOWN STEP	2026-06-26T16:10:53.7984431Z 28 vulnerabilities (4 low, 24 high)
Package desktop app (ubuntu-latest)	UNKNOWN STEP	2026-06-26T16:10:53.7984885Z
Package desktop app (ubuntu-latest)	UNKNOWN STEP	2026-06-26T16:10:53.7985938Z To address issues that do not require attention, run:
Package desktop app (ubuntu-latest)	UNKNOWN STEP	2026-06-26T16:10:53.7986648Z   npm audit fix
Package desktop app (ubuntu-latest)	UNKNOWN STEP	2026-06-26T16:10:53.7986909Z
Package desktop app (ubuntu-latest)	UNKNOWN STEP	2026-06-26T16:10:53.7987531Z To address all issues possible (including breaking changes), run:
Package desktop app (ubuntu-latest)	UNKNOWN STEP	2026-06-26T16:10:53.7988243Z   npm audit fix --force
Package desktop app (ubuntu-latest)	UNKNOWN STEP	2026-06-26T16:10:53.7988511Z
Package desktop app (ubuntu-latest)	UNKNOWN STEP	2026-06-26T16:10:53.7988921Z Some issues need review, and may require choosing
Package desktop app (ubuntu-latest)	UNKNOWN STEP	2026-06-26T16:10:53.7989893Z a different dependency.
Package desktop app (ubuntu-latest)	UNKNOWN STEP	2026-06-26T16:10:53.7990194Z
Package desktop app (ubuntu-latest)	UNKNOWN STEP	2026-06-26T16:10:53.7990463Z Run `npm audit` for details.
Package desktop app (ubuntu-latest)	UNKNOWN STEP	2026-06-26T16:10:53.8392680Z ##[group]Run npm run example:desktop:package
Package desktop app (ubuntu-latest)	UNKNOWN STEP	2026-06-26T16:10:53.8393256Z ^[[36;1mnpm run example:desktop:package^[[0m
Package desktop app (ubuntu-latest)	UNKNOWN STEP	2026-06-26T16:10:53.8393553Z ^[[36;1mfor attempt in {1..30}; do^[[0m
Package desktop app (ubuntu-latest)	UNKNOWN STEP	2026-06-26T16:10:53.8393875Z ^[[36;1m  if [[ -d examples/universal-app/out ]] &&^[[0m
Package desktop app (ubuntu-latest)	UNKNOWN STEP	2026-06-26T16:10:53.8394357Z ^[[36;1m    [[ -n "$(find examples/universal-app/out -mindepth 1 -print -quit)" ]]; then^[[0m
Package desktop app (ubuntu-latest)	UNKNOWN STEP	2026-06-26T16:10:53.8394917Z ^[[36;1m    find examples/universal-app/out -maxdepth 2 -mindepth 1 -print^[[0m
Package desktop app (ubuntu-latest)	UNKNOWN STEP	2026-06-26T16:10:53.8395324Z ^[[36;1m    exit 0^[[0m
Package desktop app (ubuntu-latest)	UNKNOWN STEP	2026-06-26T16:10:53.8395545Z ^[[36;1m  fi^[[0m
Package desktop app (ubuntu-latest)	UNKNOWN STEP	2026-06-26T16:10:53.8395746Z ^[[36;1m  sleep 1^[[0m
Package desktop app (ubuntu-latest)	UNKNOWN STEP	2026-06-26T16:10:53.8395965Z ^[[36;1mdone^[[0m
Package desktop app (ubuntu-latest)	UNKNOWN STEP	2026-06-26T16:10:53.8396349Z ^[[36;1mecho "::error::Desktop package output was not created at examples/universal-app/out"^[[0m
Package desktop app (ubuntu-latest)	UNKNOWN STEP	2026-06-26T16:10:53.8396796Z ^[[36;1mexit 1^[[0m
Package desktop app (ubuntu-latest)	UNKNOWN STEP	2026-06-26T16:10:53.8431730Z shell: /usr/bin/bash --noprofile --norc -e -o pipefail {0}
Package desktop app (ubuntu-latest)	UNKNOWN STEP	2026-06-26T16:10:53.8432083Z env:
Package desktop app (ubuntu-latest)	UNKNOWN STEP	2026-06-26T16:10:53.8432448Z   VITE_REPOSITORY_URL: https://github.com/konard/numbers-vectorization
Package desktop app (ubuntu-latest)	UNKNOWN STEP	2026-06-26T16:10:53.8432860Z ##[endgroup]
Package desktop app (ubuntu-latest)	UNKNOWN STEP	2026-06-26T16:10:53.9526612Z
Package desktop app (ubuntu-latest)	UNKNOWN STEP	2026-06-26T16:10:53.9527658Z > @link-foundation/example-package-name@0.11.12 example:desktop:package
Package desktop app (ubuntu-latest)	UNKNOWN STEP	2026-06-26T16:10:53.9528825Z > npm --prefix examples/universal-app run desktop:package
Package desktop app (ubuntu-latest)	UNKNOWN STEP	2026-06-26T16:10:53.9529607Z
Package desktop app (ubuntu-latest)	UNKNOWN STEP	2026-06-26T16:10:54.0651400Z
Package desktop app (ubuntu-latest)	UNKNOWN STEP	2026-06-26T16:10:54.0652167Z > universal-example-app@0.1.0 desktop:package
Package desktop app (ubuntu-latest)	UNKNOWN STEP	2026-06-26T16:10:54.0653075Z > npm run build && electron-forge package
Package desktop app (ubuntu-latest)	UNKNOWN STEP	2026-06-26T16:10:54.0653474Z
Package desktop app (ubuntu-latest)	UNKNOWN STEP	2026-06-26T16:10:54.1819527Z
Package desktop app (ubuntu-latest)	UNKNOWN STEP	2026-06-26T16:10:54.1820478Z > universal-example-app@0.1.0 build
Package desktop app (ubuntu-latest)	UNKNOWN STEP	2026-06-26T16:10:54.1821136Z > vite build
Package desktop app (ubuntu-latest)	UNKNOWN STEP	2026-06-26T16:10:54.1821377Z
Package desktop app (ubuntu-latest)	UNKNOWN STEP	2026-06-26T16:10:54.3778132Z ^[[36mvite v6.4.2 ^[[32mbuilding for production...^[[36m^[[39m
Package desktop app (ubuntu-latest)	UNKNOWN STEP	2026-06-26T16:10:54.4360224Z transforming...
Package desktop app (ubuntu-latest)	UNKNOWN STEP	2026-06-26T16:10:55.1934138Z ^[[32m✓^[[39m 24 modules transformed.
Package desktop app (ubuntu-latest)	UNKNOWN STEP	2026-06-26T16:10:55.3300024Z rendering chunks...
Package desktop app (ubuntu-latest)	UNKNOWN STEP	2026-06-26T16:10:55.3354201Z computing gzip size...
Package desktop app (ubuntu-latest)	UNKNOWN STEP	2026-06-26T16:10:55.3429827Z ^[[2mdist/^[[22m^[[32mindex.html                 ^[[39m^[[1m^[[2m  0.60 kB^[[22m^[[1m^[[22m^[[2m │ gzip:  0.36 kB^[[22m
Package desktop app (ubuntu-latest)	UNKNOWN STEP	2026-06-26T16:10:55.3432043Z ^[[2mdist/^[[22m^[[2massets/^[[22m^[[35mindex-C2IizFp6.css  ^[[39m^[[1m^[[2m  5.11 kB^[[22m^[[1m^[[22m^[[2m │ gzip:  1.68 kB^[[22m
Package desktop app (ubuntu-latest)	UNKNOWN STEP	2026-06-26T16:10:55.3434226Z ^[[2mdist/^[[22m^[[2massets/^[[22m^[[36mindex-C49_oBaE.js   ^[[39m^[[1m^[[2m210.62 kB^[[22m^[[1m^[[22m^[[2m │ gzip: 61.84 kB^[[22m
Package desktop app (ubuntu-latest)	UNKNOWN STEP	2026-06-26T16:10:55.3435713Z ^[[32m✓ built in 941ms^[[39m
Package desktop app (ubuntu-latest)	UNKNOWN STEP	2026-06-26T16:10:55.4757016Z ^[[33m❯^[[39m Checking your system
Package desktop app (ubuntu-latest)	UNKNOWN STEP	2026-06-26T16:10:55.4767390Z ^[[33m❯^[[39m Checking package manager version
Package desktop app (ubuntu-latest)	UNKNOWN STEP	2026-06-26T16:10:55.4790890Z ^[[32m✔^[[39m Found npm@10.8.2
Package desktop app (ubuntu-latest)	UNKNOWN STEP	2026-06-26T16:10:55.4792711Z ^[[32m✔^[[39m Checking your system
Package desktop app (ubuntu-latest)	UNKNOWN STEP	2026-06-26T16:10:55.8836269Z ^[[?25h^[[33m❯^[[39m Preparing to package application
Package desktop app (ubuntu-latest)	UNKNOWN STEP	2026-06-26T16:10:55.8919198Z ^[[32m✔^[[39m Preparing to package application
Package desktop app (ubuntu-latest)	UNKNOWN STEP	2026-06-26T16:10:55.8923761Z ^[[33m❯^[[39m Running packaging hooks
Package desktop app (ubuntu-latest)	UNKNOWN STEP	2026-06-26T16:10:55.8927614Z ^[[33m❯^[[39m Running generateAssets hook
Package desktop app (ubuntu-latest)	UNKNOWN STEP	2026-06-26T16:10:55.8931492Z ^[[32m✔^[[39m Running generateAssets hook
Package desktop app (ubuntu-latest)	UNKNOWN STEP	2026-06-26T16:10:55.8932845Z ^[[33m❯^[[39m Running prePackage hook
Package desktop app (ubuntu-latest)	UNKNOWN STEP	2026-06-26T16:10:55.8940516Z ^[[32m✔^[[39m Running prePackage hook
Package desktop app (ubuntu-latest)	UNKNOWN STEP	2026-06-26T16:10:55.8950803Z ^[[32m✔^[[39m Running packaging hooks
Package desktop app (ubuntu-latest)	UNKNOWN STEP	2026-06-26T16:10:55.8951456Z ^[[33m❯^[[39m Packaging application
Package desktop app (ubuntu-latest)	UNKNOWN STEP	2026-06-26T16:10:55.8952055Z › Determining targets...
Package desktop app (ubuntu-latest)	UNKNOWN STEP	2026-06-26T16:10:55.9001972Z ^[[33m❯^[[39m Packaging for x64 on linux
Package desktop app (ubuntu-latest)	UNKNOWN STEP	2026-06-26T16:10:55.9007166Z ^[[33m❯^[[39m Copying files
Package desktop app (ubuntu-latest)	UNKNOWN STEP	2026-06-26T16:10:55.9008197Z ^[[33m❯^[[39m Preparing native dependencies
Package desktop app (ubuntu-latest)	UNKNOWN STEP	2026-06-26T16:10:55.9030356Z ^[[33m❯^[[39m Finalizing package
Package desktop app (ubuntu-latest)	UNKNOWN STEP	2026-06-26T16:10:59.1993979Z ^[[32m✔^[[39m Copying files
Package desktop app (ubuntu-latest)	UNKNOWN STEP	2026-06-26T16:10:59.3629807Z ^[[32m✔^[[39m Preparing native dependencies
Package desktop app (ubuntu-latest)	UNKNOWN STEP	2026-06-26T16:10:59.6555439Z ^[[32m✔^[[39m Finalizing package
Package desktop app (ubuntu-latest)	UNKNOWN STEP	2026-06-26T16:10:59.6556179Z ^[[32m✔^[[39m Packaging for x64 on linux
Package desktop app (ubuntu-latest)	UNKNOWN STEP	2026-06-26T16:10:59.6556814Z ^[[32m✔^[[39m Packaging application
Package desktop app (ubuntu-latest)	UNKNOWN STEP	2026-06-26T16:10:59.6557796Z ^[[33m❯^[[39m Running postPackage hook
Package desktop app (ubuntu-latest)	UNKNOWN STEP	2026-06-26T16:10:59.6560340Z ^[[32m✔^[[39m Running postPackage hook
Package desktop app (ubuntu-latest)	UNKNOWN STEP	2026-06-26T16:10:59.6855261Z ^[[?25hexamples/universal-app/out/Universal Example App-linux-x64
Package desktop app (ubuntu-latest)	UNKNOWN STEP	2026-06-26T16:10:59.6856324Z examples/universal-app/out/Universal Example App-linux-x64/resources
Package desktop app (ubuntu-latest)	UNKNOWN STEP	2026-06-26T16:10:59.6857474Z examples/universal-app/out/Universal Example App-linux-x64/v8_context_snapshot.bin
Package desktop app (ubuntu-latest)	UNKNOWN STEP	2026-06-26T16:10:59.6858468Z examples/universal-app/out/Universal Example App-linux-x64/chrome_100_percent.pak
Package desktop app (ubuntu-latest)	UNKNOWN STEP	2026-06-26T16:10:59.6859116Z examples/universal-app/out/Universal Example App-linux-x64/resources.pak
Package desktop app (ubuntu-latest)	UNKNOWN STEP	2026-06-26T16:10:59.6860860Z examples/universal-app/out/Universal Example App-linux-x64/LICENSES.chromium.html
Package desktop app (ubuntu-latest)	UNKNOWN STEP	2026-06-26T16:10:59.6861540Z examples/universal-app/out/Universal Example App-linux-x64/snapshot_blob.bin
Package desktop app (ubuntu-latest)	UNKNOWN STEP	2026-06-26T16:10:59.6862131Z examples/universal-app/out/Universal Example App-linux-x64/LICENSE
Package desktop app (ubuntu-latest)	UNKNOWN STEP	2026-06-26T16:10:59.6862784Z examples/universal-app/out/Universal Example App-linux-x64/chrome_200_percent.pak
Package desktop app (ubuntu-latest)	UNKNOWN STEP	2026-06-26T16:10:59.6863381Z examples/universal-app/out/Universal Example App-linux-x64/version
Package desktop app (ubuntu-latest)	UNKNOWN STEP	2026-06-26T16:10:59.6863964Z examples/universal-app/out/Universal Example App-linux-x64/libvulkan.so.1
Package desktop app (ubuntu-latest)	UNKNOWN STEP	2026-06-26T16:10:59.6864580Z examples/universal-app/out/Universal Example App-linux-x64/libvk_swiftshader.so
Package desktop app (ubuntu-latest)	UNKNOWN STEP	2026-06-26T16:10:59.6865231Z examples/universal-app/out/Universal Example App-linux-x64/vk_swiftshader_icd.json
Package desktop app (ubuntu-latest)	UNKNOWN STEP	2026-06-26T16:10:59.6865814Z examples/universal-app/out/Universal Example App-linux-x64/locales
Package desktop app (ubuntu-latest)	UNKNOWN STEP	2026-06-26T16:10:59.6866357Z examples/universal-app/out/Universal Example App-linux-x64/libEGL.so
Package desktop app (ubuntu-latest)	UNKNOWN STEP	2026-06-26T16:10:59.6866934Z examples/universal-app/out/Universal Example App-linux-x64/chrome-sandbox
Package desktop app (ubuntu-latest)	UNKNOWN STEP	2026-06-26T16:10:59.6867505Z examples/universal-app/out/Universal Example App-linux-x64/icudtl.dat
Package desktop app (ubuntu-latest)	UNKNOWN STEP	2026-06-26T16:10:59.6868077Z examples/universal-app/out/Universal Example App-linux-x64/libGLESv2.so
Package desktop app (ubuntu-latest)	UNKNOWN STEP	2026-06-26T16:10:59.6868714Z examples/universal-app/out/Universal Example App-linux-x64/chrome_crashpad_handler
Package desktop app (ubuntu-latest)	UNKNOWN STEP	2026-06-26T16:10:59.6869641Z examples/universal-app/out/Universal Example App-linux-x64/libffmpeg.so
Package desktop app (ubuntu-latest)	UNKNOWN STEP	2026-06-26T16:10:59.6870352Z examples/universal-app/out/Universal Example App-linux-x64/universal-example-app
Package desktop app (ubuntu-latest)	UNKNOWN STEP	2026-06-26T16:10:59.6934125Z ##[group]Run actions/upload-artifact@v7
Package desktop app (ubuntu-latest)	UNKNOWN STEP	2026-06-26T16:10:59.6934443Z with:
Package desktop app (ubuntu-latest)	UNKNOWN STEP	2026-06-26T16:10:59.6934699Z   name: universal-example-desktop-ubuntu-latest
Package desktop app (ubuntu-latest)	UNKNOWN STEP	2026-06-26T16:10:59.6935046Z   path: examples/universal-app/out
Package desktop app (ubuntu-latest)	UNKNOWN STEP	2026-06-26T16:10:59.6935331Z   if-no-files-found: error
Package desktop app (ubuntu-latest)	UNKNOWN STEP	2026-06-26T16:10:59.6935575Z   compression-level: 6
Package desktop app (ubuntu-latest)	UNKNOWN STEP	2026-06-26T16:10:59.6935800Z   overwrite: false
Package desktop app (ubuntu-latest)	UNKNOWN STEP	2026-06-26T16:10:59.6936048Z   include-hidden-files: false
Package desktop app (ubuntu-latest)	UNKNOWN STEP	2026-06-26T16:10:59.6936293Z   archive: true
Package desktop app (ubuntu-latest)	UNKNOWN STEP	2026-06-26T16:10:59.6936502Z ##[endgroup]
Package desktop app (ubuntu-latest)	UNKNOWN STEP	2026-06-26T16:10:59.8543002Z With the provided path, there will be 74 files uploaded
Package desktop app (ubuntu-latest)	UNKNOWN STEP	2026-06-26T16:10:59.8549432Z Artifact name is valid!
Package desktop app (ubuntu-latest)	UNKNOWN STEP	2026-06-26T16:10:59.8550268Z Root directory input is valid!
Package desktop app (ubuntu-latest)	UNKNOWN STEP	2026-06-26T16:11:00.0211807Z Uploading artifact: universal-example-desktop-ubuntu-latest.zip
Package desktop app (ubuntu-latest)	UNKNOWN STEP	2026-06-26T16:11:00.0254815Z Beginning upload of artifact content to blob storage
Package desktop app (ubuntu-latest)	UNKNOWN STEP	2026-06-26T16:11:00.8766771Z Uploaded bytes 8388608
Package desktop app (ubuntu-latest)	UNKNOWN STEP	2026-06-26T16:11:01.6097651Z Uploaded bytes 16777216
Package desktop app (ubuntu-latest)	UNKNOWN STEP	2026-06-26T16:11:02.5819537Z Uploaded bytes 25165824
Package desktop app (ubuntu-latest)	UNKNOWN STEP	2026-06-26T16:11:02.9480892Z Uploaded bytes 33554432
Package desktop app (ubuntu-latest)	UNKNOWN STEP	2026-06-26T16:11:03.5954885Z Uploaded bytes 41943040
Package desktop app (ubuntu-latest)	UNKNOWN STEP	2026-06-26T16:11:04.1386366Z Uploaded bytes 50331648
Package desktop app (ubuntu-latest)	UNKNOWN STEP	2026-06-26T16:11:04.7233591Z Uploaded bytes 58720256
Package desktop app (ubuntu-latest)	UNKNOWN STEP	2026-06-26T16:11:05.2953014Z Uploaded bytes 67108864
Package desktop app (ubuntu-latest)	UNKNOWN STEP	2026-06-26T16:11:05.8536325Z Uploaded bytes 75497472
Package desktop app (ubuntu-latest)	UNKNOWN STEP	2026-06-26T16:11:06.3990135Z Uploaded bytes 83886080
Package desktop app (ubuntu-latest)	UNKNOWN STEP	2026-06-26T16:11:06.9573644Z Uploaded bytes 92274688
Package desktop app (ubuntu-latest)	UNKNOWN STEP	2026-06-26T16:11:07.5437086Z Uploaded bytes 100663296
Package desktop app (ubuntu-latest)	UNKNOWN STEP	2026-06-26T16:11:08.1199923Z Uploaded bytes 109051904
Package desktop app (ubuntu-latest)	UNKNOWN STEP	2026-06-26T16:11:08.1458476Z Uploaded bytes 109806765
Package desktop app (ubuntu-latest)	UNKNOWN STEP	2026-06-26T16:11:08.1582500Z Finished uploading artifact content to blob storage!
Package desktop app (ubuntu-latest)	UNKNOWN STEP	2026-06-26T16:11:08.1585827Z SHA256 digest of uploaded artifact is 1a912f942c976369e375a2f282f7f128c7a0b580cc63b60519f1bebbb5fd7862
Package desktop app (ubuntu-latest)	UNKNOWN STEP	2026-06-26T16:11:08.1587402Z Finalizing artifact upload
Package desktop app (ubuntu-latest)	UNKNOWN STEP	2026-06-26T16:11:08.3654361Z Artifact universal-example-desktop-ubuntu-latest successfully finalized. Artifact ID 7910457404
Package desktop app (ubuntu-latest)	UNKNOWN STEP	2026-06-26T16:11:08.3656239Z Artifact universal-example-desktop-ubuntu-latest has been successfully uploaded! Final size is 109806765 bytes. Artifact ID is 7910457404
Package desktop app (ubuntu-latest)	UNKNOWN STEP	2026-06-26T16:11:08.3660556Z Artifact download URL: https://github.com/konard/numbers-vectorization/actions/runs/28250265337/artifacts/7910457404
Package desktop app (ubuntu-latest)	UNKNOWN STEP	2026-06-26T16:11:08.3901687Z Post job cleanup.
Package desktop app (ubuntu-latest)	UNKNOWN STEP	2026-06-26T16:11:08.5126746Z Cache hit occurred on the primary key node-cache-Linux-x64-npm-c3fdb96c54c657819d363bfcc7a231d9d23fc1642c1368507629cff4f1c70092, not saving cache.
Package desktop app (ubuntu-latest)	UNKNOWN STEP	2026-06-26T16:11:08.5260107Z Post job cleanup.
Package desktop app (ubuntu-latest)	UNKNOWN STEP	2026-06-26T16:11:08.6167661Z [command]/usr/bin/git version
Package desktop app (ubuntu-latest)	UNKNOWN STEP	2026-06-26T16:11:08.6210217Z git version 2.54.0
Package desktop app (ubuntu-latest)	UNKNOWN STEP	2026-06-26T16:11:08.6250735Z Temporarily overriding HOME='/home/runner/work/_temp/90f38aac-b325-4cef-a8a1-0f895c386933' before making global git config changes
Package desktop app (ubuntu-latest)	UNKNOWN STEP	2026-06-26T16:11:08.6252736Z Adding repository directory to the temporary git global config as a safe directory
Package desktop app (ubuntu-latest)	UNKNOWN STEP	2026-06-26T16:11:08.6260864Z [command]/usr/bin/git config --global --add safe.directory /home/runner/work/numbers-vectorization/numbers-vectorization
Package desktop app (ubuntu-latest)	UNKNOWN STEP	2026-06-26T16:11:08.6291964Z Removing SSH command configuration
Package desktop app (ubuntu-latest)	UNKNOWN STEP	2026-06-26T16:11:08.6298479Z [command]/usr/bin/git config --local --name-only --get-regexp core\.sshCommand
Package desktop app (ubuntu-latest)	UNKNOWN STEP	2026-06-26T16:11:08.6335796Z [command]/usr/bin/git submodule foreach --recursive sh -c "git config --local --name-only --get-regexp 'core\.sshCommand' && git config --local --unset-all 'core.sshCommand' || :"
Package desktop app (ubuntu-latest)	UNKNOWN STEP	2026-06-26T16:11:08.6574185Z Removing HTTP extra header
Package desktop app (ubuntu-latest)	UNKNOWN STEP	2026-06-26T16:11:08.6579748Z [command]/usr/bin/git config --local --name-only --get-regexp http\.https\:\/\/github\.com\/\.extraheader
Package desktop app (ubuntu-latest)	UNKNOWN STEP	2026-06-26T16:11:08.6615079Z [command]/usr/bin/git submodule foreach --recursive sh -c "git config --local --name-only --get-regexp 'http\.https\:\/\/github\.com\/\.extraheader' && git config --local --unset-all 'http.https://github.com/.extraheader' || :"
Package desktop app (ubuntu-latest)	UNKNOWN STEP	2026-06-26T16:11:08.6862984Z Removing includeIf entries pointing to credentials config files
Package desktop app (ubuntu-latest)	UNKNOWN STEP	2026-06-26T16:11:08.6871792Z [command]/usr/bin/git config --local --name-only --get-regexp ^includeIf\.gitdir:
Package desktop app (ubuntu-latest)	UNKNOWN STEP	2026-06-26T16:11:08.6909745Z includeif.gitdir:/home/runner/work/numbers-vectorization/numbers-vectorization/.git.path
Package desktop app (ubuntu-latest)	UNKNOWN STEP	2026-06-26T16:11:08.6911339Z includeif.gitdir:/home/runner/work/numbers-vectorization/numbers-vectorization/.git/worktrees/*.path
Package desktop app (ubuntu-latest)	UNKNOWN STEP	2026-06-26T16:11:08.6912504Z includeif.gitdir:/github/workspace/.git.path
Package desktop app (ubuntu-latest)	UNKNOWN STEP	2026-06-26T16:11:08.6913362Z includeif.gitdir:/github/workspace/.git/worktrees/*.path
Package desktop app (ubuntu-latest)	UNKNOWN STEP	2026-06-26T16:11:08.6926573Z [command]/usr/bin/git config --local --get-all includeif.gitdir:/home/runner/work/numbers-vectorization/numbers-vectorization/.git.path
Package desktop app (ubuntu-latest)	UNKNOWN STEP	2026-06-26T16:11:08.6943805Z /home/runner/work/_temp/git-credentials-2818f024-f808-4f92-bf05-09b2b3e9eb4d.config
Package desktop app (ubuntu-latest)	UNKNOWN STEP	2026-06-26T16:11:08.6963179Z [command]/usr/bin/git config --local --unset includeif.gitdir:/home/runner/work/numbers-vectorization/numbers-vectorization/.git.path /home/runner/work/_temp/git-credentials-2818f024-f808-4f92-bf05-09b2b3e9eb4d.config
Package desktop app (ubuntu-latest)	UNKNOWN STEP	2026-06-26T16:11:08.6993258Z [command]/usr/bin/git config --local --get-all includeif.gitdir:/home/runner/work/numbers-vectorization/numbers-vectorization/.git/worktrees/*.path
Package desktop app (ubuntu-latest)	UNKNOWN STEP	2026-06-26T16:11:08.7016344Z /home/runner/work/_temp/git-credentials-2818f024-f808-4f92-bf05-09b2b3e9eb4d.config
Package desktop app (ubuntu-latest)	UNKNOWN STEP	2026-06-26T16:11:08.7027451Z [command]/usr/bin/git config --local --unset includeif.gitdir:/home/runner/work/numbers-vectorization/numbers-vectorization/.git/worktrees/*.path /home/runner/work/_temp/git-credentials-2818f024-f808-4f92-bf05-09b2b3e9eb4d.config
Package desktop app (ubuntu-latest)	UNKNOWN STEP	2026-06-26T16:11:08.7093989Z [command]/usr/bin/git config --local --get-all includeif.gitdir:/github/workspace/.git.path
Package desktop app (ubuntu-latest)	UNKNOWN STEP	2026-06-26T16:11:08.7115798Z /github/runner_temp/git-credentials-2818f024-f808-4f92-bf05-09b2b3e9eb4d.config
Package desktop app (ubuntu-latest)	UNKNOWN STEP	2026-06-26T16:11:08.7124408Z [command]/usr/bin/git config --local --unset includeif.gitdir:/github/workspace/.git.path /github/runner_temp/git-credentials-2818f024-f808-4f92-bf05-09b2b3e9eb4d.config
Package desktop app (ubuntu-latest)	UNKNOWN STEP	2026-06-26T16:11:08.7155608Z [command]/usr/bin/git config --local --get-all includeif.gitdir:/github/workspace/.git/worktrees/*.path
Package desktop app (ubuntu-latest)	UNKNOWN STEP	2026-06-26T16:11:08.7177256Z /github/runner_temp/git-credentials-2818f024-f808-4f92-bf05-09b2b3e9eb4d.config
Package desktop app (ubuntu-latest)	UNKNOWN STEP	2026-06-26T16:11:08.7194745Z [command]/usr/bin/git config --local --unset includeif.gitdir:/github/workspace/.git/worktrees/*.path /github/runner_temp/git-credentials-2818f024-f808-4f92-bf05-09b2b3e9eb4d.config
Package desktop app (ubuntu-latest)	UNKNOWN STEP	2026-06-26T16:11:08.7220474Z [command]/usr/bin/git submodule foreach --recursive git config --local --show-origin --name-only --get-regexp remote.origin.url
Package desktop app (ubuntu-latest)	UNKNOWN STEP	2026-06-26T16:11:08.7453663Z Removing credentials config '/home/runner/work/_temp/git-credentials-2818f024-f808-4f92-bf05-09b2b3e9eb4d.config'
Package desktop app (ubuntu-latest)	UNKNOWN STEP	2026-06-26T16:11:08.7621456Z Cleaning up orphan processes
Package desktop app (macos-latest)	UNKNOWN STEP	﻿2026-06-26T16:10:38.4447530Z Current runner version: '2.335.1'
Package desktop app (macos-latest)	UNKNOWN STEP	2026-06-26T16:10:38.4462670Z ##[group]Runner Image Provisioner
Package desktop app (macos-latest)	UNKNOWN STEP	2026-06-26T16:10:38.4463180Z Hosted Compute Agent
Package desktop app (macos-latest)	UNKNOWN STEP	2026-06-26T16:10:38.4463550Z Version: 20260611.554
Package desktop app (macos-latest)	UNKNOWN STEP	2026-06-26T16:10:38.4463960Z Commit: 5e0782fdc9014723d3be820dd114dd31555c2bd1
Package desktop app (macos-latest)	UNKNOWN STEP	2026-06-26T16:10:38.4464440Z Build Date: 2026-06-11T21:40:46Z
Package desktop app (macos-latest)	UNKNOWN STEP	2026-06-26T16:10:38.4464900Z Worker ID: {f079ab37-daa6-43c5-812f-ebff6516d034}
Package desktop app (macos-latest)	UNKNOWN STEP	2026-06-26T16:10:38.4465370Z Azure Region: westus
Package desktop app (macos-latest)	UNKNOWN STEP	2026-06-26T16:10:38.4465760Z ##[endgroup]
Package desktop app (macos-latest)	UNKNOWN STEP	2026-06-26T16:10:38.4466770Z ##[group]Operating System
Package desktop app (macos-latest)	UNKNOWN STEP	2026-06-26T16:10:38.4467190Z macOS
Package desktop app (macos-latest)	UNKNOWN STEP	2026-06-26T16:10:38.4467610Z 26.4
Package desktop app (macos-latest)	UNKNOWN STEP	2026-06-26T16:10:38.4467940Z 25E246
Package desktop app (macos-latest)	UNKNOWN STEP	2026-06-26T16:10:38.4468290Z ##[endgroup]
Package desktop app (macos-latest)	UNKNOWN STEP	2026-06-26T16:10:38.4468650Z ##[group]Runner Image
Package desktop app (macos-latest)	UNKNOWN STEP	2026-06-26T16:10:38.4469050Z Image: macos-26-arm64
Package desktop app (macos-latest)	UNKNOWN STEP	2026-06-26T16:10:38.4469510Z Version: 20260623.0192.1
Package desktop app (macos-latest)	UNKNOWN STEP	2026-06-26T16:10:38.4470400Z Included Software: https://github.com/actions/runner-images/blob/macos-26-arm64/20260623.0192/images/macos/macos-26-arm64-Readme.md
Package desktop app (macos-latest)	UNKNOWN STEP	2026-06-26T16:10:38.4471460Z Image Release: https://github.com/actions/runner-images/releases/tag/macos-26-arm64%2F20260623.0192
Package desktop app (macos-latest)	UNKNOWN STEP	2026-06-26T16:10:38.4472130Z ##[endgroup]
Package desktop app (macos-latest)	UNKNOWN STEP	2026-06-26T16:10:38.4472950Z ##[group]GITHUB_TOKEN Permissions
Package desktop app (macos-latest)	UNKNOWN STEP	2026-06-26T16:10:38.4474440Z Contents: read
Package desktop app (macos-latest)	UNKNOWN STEP	2026-06-26T16:10:38.4474820Z Metadata: read
Package desktop app (macos-latest)	UNKNOWN STEP	2026-06-26T16:10:38.4475200Z Pages: write
Package desktop app (macos-latest)	UNKNOWN STEP	2026-06-26T16:10:38.4475570Z ##[endgroup]
Package desktop app (macos-latest)	UNKNOWN STEP	2026-06-26T16:10:38.4477180Z Secret source: Actions
Package desktop app (macos-latest)	UNKNOWN STEP	2026-06-26T16:10:38.4477660Z Prepare workflow directory
Package desktop app (macos-latest)	UNKNOWN STEP	2026-06-26T16:10:38.4715370Z Prepare all required actions
Package desktop app (macos-latest)	UNKNOWN STEP	2026-06-26T16:10:38.4740350Z Getting action download info
Package desktop app (macos-latest)	UNKNOWN STEP	2026-06-26T16:10:38.6189710Z Download action repository 'actions/checkout@v6' (SHA:df4cb1c069e1874edd31b4311f1884172cec0e10)
Package desktop app (macos-latest)	UNKNOWN STEP	2026-06-26T16:10:38.8258040Z Download action repository 'actions/setup-node@v6' (SHA:48b55a011bda9f5d6aeb4c2d9c7362e8dae4041e)
Package desktop app (macos-latest)	UNKNOWN STEP	2026-06-26T16:10:38.9175000Z Download action repository 'actions/upload-artifact@v7' (SHA:043fb46d1a93c77aae656e7c1c64a875d1fc6a0a)
Package desktop app (macos-latest)	UNKNOWN STEP	2026-06-26T16:10:39.1460060Z Complete job name: Package desktop app (macos-latest)
Package desktop app (macos-latest)	UNKNOWN STEP	2026-06-26T16:10:39.1825390Z ##[group]Run actions/checkout@v6
Package desktop app (macos-latest)	UNKNOWN STEP	2026-06-26T16:10:39.1825990Z with:
Package desktop app (macos-latest)	UNKNOWN STEP	2026-06-26T16:10:39.1826340Z   repository: konard/numbers-vectorization
Package desktop app (macos-latest)	UNKNOWN STEP	2026-06-26T16:10:39.1829420Z   token: ***
Package desktop app (macos-latest)	UNKNOWN STEP	2026-06-26T16:10:39.1829730Z   ssh-strict: true
Package desktop app (macos-latest)	UNKNOWN STEP	2026-06-26T16:10:39.1830050Z   ssh-user: git
Package desktop app (macos-latest)	UNKNOWN STEP	2026-06-26T16:10:39.1830360Z   persist-credentials: true
Package desktop app (macos-latest)	UNKNOWN STEP	2026-06-26T16:10:39.1830710Z   clean: true
Package desktop app (macos-latest)	UNKNOWN STEP	2026-06-26T16:10:39.1831020Z   sparse-checkout-cone-mode: true
Package desktop app (macos-latest)	UNKNOWN STEP	2026-06-26T16:10:39.1831390Z   fetch-depth: 1
Package desktop app (macos-latest)	UNKNOWN STEP	2026-06-26T16:10:39.1831690Z   fetch-tags: false
Package desktop app (macos-latest)	UNKNOWN STEP	2026-06-26T16:10:39.1832010Z   show-progress: true
Package desktop app (macos-latest)	UNKNOWN STEP	2026-06-26T16:10:39.1832320Z   lfs: false
Package desktop app (macos-latest)	UNKNOWN STEP	2026-06-26T16:10:39.1832610Z   submodules: false
Package desktop app (macos-latest)	UNKNOWN STEP	2026-06-26T16:10:39.1832930Z   set-safe-directory: true
Package desktop app (macos-latest)	UNKNOWN STEP	2026-06-26T16:10:39.1833390Z ##[endgroup]
Package desktop app (macos-latest)	UNKNOWN STEP	2026-06-26T16:10:39.6135340Z Syncing repository: konard/numbers-vectorization
Package desktop app (macos-latest)	UNKNOWN STEP	2026-06-26T16:10:39.6136830Z ##[group]Getting Git version info
Package desktop app (macos-latest)	UNKNOWN STEP	2026-06-26T16:10:39.6137710Z Working directory is '/Users/runner/work/numbers-vectorization/numbers-vectorization'
Package desktop app (macos-latest)	UNKNOWN STEP	2026-06-26T16:10:39.6138640Z [command]/opt/homebrew/bin/git version
Package desktop app (macos-latest)	UNKNOWN STEP	2026-06-26T16:10:39.6364390Z git version 2.54.0
Package desktop app (macos-latest)	UNKNOWN STEP	2026-06-26T16:10:39.6380960Z ##[endgroup]
Package desktop app (macos-latest)	UNKNOWN STEP	2026-06-26T16:10:39.6387710Z Copying '/Users/runner/.gitconfig' to '/Users/runner/work/_temp/15732a2f-9207-4615-88f3-5bc025958df5/.gitconfig'
Package desktop app (macos-latest)	UNKNOWN STEP	2026-06-26T16:10:39.6393960Z Temporarily overriding HOME='/Users/runner/work/_temp/15732a2f-9207-4615-88f3-5bc025958df5' before making global git config changes
Package desktop app (macos-latest)	UNKNOWN STEP	2026-06-26T16:10:39.6395030Z Adding repository directory to the temporary git global config as a safe directory
Package desktop app (macos-latest)	UNKNOWN STEP	2026-06-26T16:10:39.6397820Z [command]/opt/homebrew/bin/git config --global --add safe.directory /Users/runner/work/numbers-vectorization/numbers-vectorization
Package desktop app (macos-latest)	UNKNOWN STEP	2026-06-26T16:10:39.6497290Z Deleting the contents of '/Users/runner/work/numbers-vectorization/numbers-vectorization'
Package desktop app (macos-latest)	UNKNOWN STEP	2026-06-26T16:10:39.6499530Z ##[group]Determining repository object format
Package desktop app (macos-latest)	UNKNOWN STEP	2026-06-26T16:10:39.6502140Z ##[endgroup]
Package desktop app (macos-latest)	UNKNOWN STEP	2026-06-26T16:10:39.6504260Z ##[group]Initializing the repository
Package desktop app (macos-latest)	UNKNOWN STEP	2026-06-26T16:10:39.6505870Z [command]/opt/homebrew/bin/git init /Users/runner/work/numbers-vectorization/numbers-vectorization
Package desktop app (macos-latest)	UNKNOWN STEP	2026-06-26T16:10:39.6704750Z hint: Using 'master' as the name for the initial branch. This default branch name
Package desktop app (macos-latest)	UNKNOWN STEP	2026-06-26T16:10:39.6708170Z hint: will change to "main" in Git 3.0. To configure the initial branch name
Package desktop app (macos-latest)	UNKNOWN STEP	2026-06-26T16:10:39.6709120Z hint: to use in all of your new repositories, which will suppress this warning,
Package desktop app (macos-latest)	UNKNOWN STEP	2026-06-26T16:10:39.6710190Z hint: call:
Package desktop app (macos-latest)	UNKNOWN STEP	2026-06-26T16:10:39.6710670Z hint:
Package desktop app (macos-latest)	UNKNOWN STEP	2026-06-26T16:10:39.6711880Z hint: 	git config --global init.defaultBranch <name>
Package desktop app (macos-latest)	UNKNOWN STEP	2026-06-26T16:10:39.6712420Z hint:
Package desktop app (macos-latest)	UNKNOWN STEP	2026-06-26T16:10:39.6712950Z hint: Names commonly chosen instead of 'master' are 'main', 'trunk' and
Package desktop app (macos-latest)	UNKNOWN STEP	2026-06-26T16:10:39.6713690Z hint: 'development'. The just-created branch can be renamed via this command:
Package desktop app (macos-latest)	UNKNOWN STEP	2026-06-26T16:10:39.6714370Z hint:
Package desktop app (macos-latest)	UNKNOWN STEP	2026-06-26T16:10:39.6714860Z hint: 	git branch -m <name>
Package desktop app (macos-latest)	UNKNOWN STEP	2026-06-26T16:10:39.6715430Z hint:
Package desktop app (macos-latest)	UNKNOWN STEP	2026-06-26T16:10:39.6716060Z hint: Disable this message with "git config set advice.defaultBranchName false"
Package desktop app (macos-latest)	UNKNOWN STEP	2026-06-26T16:10:39.6717730Z Initialized empty Git repository in /Users/runner/work/numbers-vectorization/numbers-vectorization/.git/
Package desktop app (macos-latest)	UNKNOWN STEP	2026-06-26T16:10:39.6719560Z [command]/opt/homebrew/bin/git remote add origin https://github.com/konard/numbers-vectorization
Package desktop app (macos-latest)	UNKNOWN STEP	2026-06-26T16:10:39.6832340Z ##[endgroup]
Package desktop app (macos-latest)	UNKNOWN STEP	2026-06-26T16:10:39.6832960Z ##[group]Disabling automatic garbage collection
Package desktop app (macos-latest)	UNKNOWN STEP	2026-06-26T16:10:39.6834620Z [command]/opt/homebrew/bin/git config --local gc.auto 0
Package desktop app (macos-latest)	UNKNOWN STEP	2026-06-26T16:10:39.6904280Z ##[endgroup]
Package desktop app (macos-latest)	UNKNOWN STEP	2026-06-26T16:10:39.6904880Z ##[group]Setting up auth
Package desktop app (macos-latest)	UNKNOWN STEP	2026-06-26T16:10:39.6905320Z Removing SSH command configuration
Package desktop app (macos-latest)	UNKNOWN STEP	2026-06-26T16:10:39.6909030Z [command]/opt/homebrew/bin/git config --local --name-only --get-regexp core\.sshCommand
Package desktop app (macos-latest)	UNKNOWN STEP	2026-06-26T16:10:39.6978000Z [command]/opt/homebrew/bin/git submodule foreach --recursive sh -c "git config --local --name-only --get-regexp 'core\.sshCommand' && git config --local --unset-all 'core.sshCommand' || :"
Package desktop app (macos-latest)	UNKNOWN STEP	2026-06-26T16:10:39.7882860Z Removing HTTP extra header
Package desktop app (macos-latest)	UNKNOWN STEP	2026-06-26T16:10:39.7886670Z [command]/opt/homebrew/bin/git config --local --name-only --get-regexp http\.https\:\/\/github\.com\/\.extraheader
Package desktop app (macos-latest)	UNKNOWN STEP	2026-06-26T16:10:39.7938640Z [command]/opt/homebrew/bin/git submodule foreach --recursive sh -c "git config --local --name-only --get-regexp 'http\.https\:\/\/github\.com\/\.extraheader' && git config --local --unset-all 'http.https://github.com/.extraheader' || :"
Package desktop app (macos-latest)	UNKNOWN STEP	2026-06-26T16:10:39.8572380Z Removing includeIf entries pointing to credentials config files
Package desktop app (macos-latest)	UNKNOWN STEP	2026-06-26T16:10:39.8575960Z [command]/opt/homebrew/bin/git config --local --name-only --get-regexp ^includeIf\.gitdir:
Package desktop app (macos-latest)	UNKNOWN STEP	2026-06-26T16:10:39.8627700Z [command]/opt/homebrew/bin/git submodule foreach --recursive git config --local --show-origin --name-only --get-regexp remote.origin.url
Package desktop app (macos-latest)	UNKNOWN STEP	2026-06-26T16:10:39.9425070Z [command]/opt/homebrew/bin/git config --file /Users/runner/work/_temp/git-credentials-f3f7d2ca-7299-4d5e-b7ad-1abbba821576.config http.https://github.com/.extraheader AUTHORIZATION: basic ***
Package desktop app (macos-latest)	UNKNOWN STEP	2026-06-26T16:10:39.9487070Z [command]/opt/homebrew/bin/git config --local includeIf.gitdir:/Users/runner/work/numbers-vectorization/numbers-vectorization/.git.path /Users/runner/work/_temp/git-credentials-f3f7d2ca-7299-4d5e-b7ad-1abbba821576.config
Package desktop app (macos-latest)	UNKNOWN STEP	2026-06-26T16:10:39.9539590Z [command]/opt/homebrew/bin/git config --local includeIf.gitdir:/Users/runner/work/numbers-vectorization/numbers-vectorization/.git/worktrees/*.path /Users/runner/work/_temp/git-credentials-f3f7d2ca-7299-4d5e-b7ad-1abbba821576.config
Package desktop app (macos-latest)	UNKNOWN STEP	2026-06-26T16:10:39.9594090Z [command]/opt/homebrew/bin/git config --local includeIf.gitdir:/github/workspace/.git.path /github/runner_temp/git-credentials-f3f7d2ca-7299-4d5e-b7ad-1abbba821576.config
Package desktop app (macos-latest)	UNKNOWN STEP	2026-06-26T16:10:39.9649080Z [command]/opt/homebrew/bin/git config --local includeIf.gitdir:/github/workspace/.git/worktrees/*.path /github/runner_temp/git-credentials-f3f7d2ca-7299-4d5e-b7ad-1abbba821576.config
Package desktop app (macos-latest)	UNKNOWN STEP	2026-06-26T16:10:39.9701940Z ##[endgroup]
Package desktop app (macos-latest)	UNKNOWN STEP	2026-06-26T16:10:39.9702540Z ##[group]Fetching the repository
Package desktop app (macos-latest)	UNKNOWN STEP	2026-06-26T16:10:39.9709970Z [command]/opt/homebrew/bin/git -c protocol.version=2 fetch --no-tags --prune --no-recurse-submodules --depth=1 origin +70d4599ed0a2af9685898466adfca4e118b39e34:refs/remotes/origin/main
Package desktop app (macos-latest)	UNKNOWN STEP	2026-06-26T16:10:41.2052560Z From https://github.com/konard/numbers-vectorization
Package desktop app (macos-latest)	UNKNOWN STEP	2026-06-26T16:10:41.2054100Z  * [new ref]         70d4599ed0a2af9685898466adfca4e118b39e34 -> origin/main
Package desktop app (macos-latest)	UNKNOWN STEP	2026-06-26T16:10:41.2142160Z [command]/opt/homebrew/bin/git branch --list --remote origin/main
Package desktop app (macos-latest)	UNKNOWN STEP	2026-06-26T16:10:41.2220610Z   origin/main
Package desktop app (macos-latest)	UNKNOWN STEP	2026-06-26T16:10:41.2225950Z [command]/opt/homebrew/bin/git rev-parse refs/remotes/origin/main
Package desktop app (macos-latest)	UNKNOWN STEP	2026-06-26T16:10:41.2282830Z 70d4599ed0a2af9685898466adfca4e118b39e34
Package desktop app (macos-latest)	UNKNOWN STEP	2026-06-26T16:10:41.2284880Z ##[endgroup]
Package desktop app (macos-latest)	UNKNOWN STEP	2026-06-26T16:10:41.2285660Z ##[group]Determining the checkout info
Package desktop app (macos-latest)	UNKNOWN STEP	2026-06-26T16:10:41.2286500Z ##[endgroup]
Package desktop app (macos-latest)	UNKNOWN STEP	2026-06-26T16:10:41.2289150Z [command]/opt/homebrew/bin/git sparse-checkout disable
Package desktop app (macos-latest)	UNKNOWN STEP	2026-06-26T16:10:41.2367380Z [command]/opt/homebrew/bin/git config --local --unset-all extensions.worktreeConfig
Package desktop app (macos-latest)	UNKNOWN STEP	2026-06-26T16:10:41.2428340Z ##[group]Checking out the ref
Package desktop app (macos-latest)	UNKNOWN STEP	2026-06-26T16:10:41.2430440Z [command]/opt/homebrew/bin/git checkout --progress --force -B main refs/remotes/origin/main
Package desktop app (macos-latest)	UNKNOWN STEP	2026-06-26T16:10:41.3024210Z Switched to a new branch 'main'
Package desktop app (macos-latest)	UNKNOWN STEP	2026-06-26T16:10:41.3127930Z branch 'main' set up to track 'origin/main'.
Package desktop app (macos-latest)	UNKNOWN STEP	2026-06-26T16:10:41.3451630Z ##[endgroup]
Package desktop app (macos-latest)	UNKNOWN STEP	2026-06-26T16:10:41.3757010Z [command]/opt/homebrew/bin/git log -1 --format=%H
Package desktop app (macos-latest)	UNKNOWN STEP	2026-06-26T16:10:41.3859090Z 70d4599ed0a2af9685898466adfca4e118b39e34
Package desktop app (macos-latest)	UNKNOWN STEP	2026-06-26T16:10:41.4558150Z ##[group]Run actions/setup-node@v6
Package desktop app (macos-latest)	UNKNOWN STEP	2026-06-26T16:10:41.4558990Z with:
Package desktop app (macos-latest)	UNKNOWN STEP	2026-06-26T16:10:41.4559550Z   node-version: 20.x
Package desktop app (macos-latest)	UNKNOWN STEP	2026-06-26T16:10:41.4560150Z   cache: npm
Package desktop app (macos-latest)	UNKNOWN STEP	2026-06-26T16:10:41.4560980Z   cache-dependency-path: examples/universal-app/package-lock.json
Package desktop app (macos-latest)	UNKNOWN STEP	2026-06-26T16:10:41.4562070Z   check-latest: false
Package desktop app (macos-latest)	UNKNOWN STEP	2026-06-26T16:10:41.4570200Z   token: ***
Package desktop app (macos-latest)	UNKNOWN STEP	2026-06-26T16:10:41.4570800Z   package-manager-cache: true
Package desktop app (macos-latest)	UNKNOWN STEP	2026-06-26T16:10:41.4571520Z ##[endgroup]
Package desktop app (macos-latest)	UNKNOWN STEP	2026-06-26T16:10:41.6441350Z Attempting to download 20.x...
Package desktop app (macos-latest)	UNKNOWN STEP	2026-06-26T16:10:42.9550940Z Acquiring 20.20.2 - arm64 from https://github.com/actions/node-versions/releases/download/20.20.2-23521894959/node-20.20.2-darwin-arm64.tar.gz
Package desktop app (macos-latest)	UNKNOWN STEP	2026-06-26T16:10:43.6000910Z Extracting ...
Package desktop app (macos-latest)	UNKNOWN STEP	2026-06-26T16:10:43.6185630Z [command]/usr/bin/tar xz --strip 1 -C /Users/runner/work/_temp/6935b96a-0191-452d-8cc3-096d0b3e6bf3 -f /Users/runner/work/_temp/25295fdd-e62e-4d32-9b95-88b78dbc795d
Package desktop app (macos-latest)	UNKNOWN STEP	2026-06-26T16:10:44.5810200Z Adding to the cache ...
Package desktop app (macos-latest)	UNKNOWN STEP	2026-06-26T16:10:46.0814530Z ##[group]Environment details
Package desktop app (macos-latest)	UNKNOWN STEP	2026-06-26T16:10:46.4984970Z node: v20.20.2
Package desktop app (macos-latest)	UNKNOWN STEP	2026-06-26T16:10:46.4986200Z npm: 10.8.2
Package desktop app (macos-latest)	UNKNOWN STEP	2026-06-26T16:10:46.4986680Z yarn: 1.22.22
Package desktop app (macos-latest)	UNKNOWN STEP	2026-06-26T16:10:46.4987380Z ##[endgroup]
Package desktop app (macos-latest)	UNKNOWN STEP	2026-06-26T16:10:46.5000620Z [command]/Users/runner/hostedtoolcache/node/20.20.2/arm64/bin/npm config get cache
Package desktop app (macos-latest)	UNKNOWN STEP	2026-06-26T16:10:46.6492160Z /Users/runner/.npm
Package desktop app (macos-latest)	UNKNOWN STEP	2026-06-26T16:10:46.7434520Z Cache hit for: node-cache-macOS-arm64-npm-c3fdb96c54c657819d363bfcc7a231d9d23fc1642c1368507629cff4f1c70092
Package desktop app (macos-latest)	UNKNOWN STEP	2026-06-26T16:10:47.1123590Z Received 48977645 of 48977645 (100.0%), 144.2 MBs/sec
Package desktop app (macos-latest)	UNKNOWN STEP	2026-06-26T16:10:47.1153560Z Cache Size: ~47 MB (48977645 B)
Package desktop app (macos-latest)	UNKNOWN STEP	2026-06-26T16:10:47.1194220Z [command]/opt/homebrew/bin/gtar -xf /Users/runner/work/_temp/2ce02926-abd5-4508-b3b0-382daa8f7572/cache.tzst -P -C /Users/runner/work/numbers-vectorization/numbers-vectorization --delay-directory-restore --use-compress-program unzstd
Package desktop app (macos-latest)	UNKNOWN STEP	2026-06-26T16:10:47.4838660Z Cache restored successfully
Package desktop app (macos-latest)	UNKNOWN STEP	2026-06-26T16:10:47.4859000Z Cache restored from key: node-cache-macOS-arm64-npm-c3fdb96c54c657819d363bfcc7a231d9d23fc1642c1368507629cff4f1c70092
Package desktop app (macos-latest)	UNKNOWN STEP	2026-06-26T16:10:47.5067450Z ##[group]Run npm ci --prefix examples/universal-app
Package desktop app (macos-latest)	UNKNOWN STEP	2026-06-26T16:10:47.5067990Z ^[[36;1mnpm ci --prefix examples/universal-app^[[0m
Package desktop app (macos-latest)	UNKNOWN STEP	2026-06-26T16:10:47.5124970Z shell: /bin/bash -e {0}
Package desktop app (macos-latest)	UNKNOWN STEP	2026-06-26T16:10:47.5130420Z ##[endgroup]
Package desktop app (macos-latest)	UNKNOWN STEP	2026-06-26T16:10:48.0200040Z npm warn skipping integrity check for git dependency ssh://git@github.com/electron/node-gyp.git
Package desktop app (macos-latest)	UNKNOWN STEP	2026-06-26T16:10:48.9873940Z npm warn deprecated inflight@1.0.6: This module is not supported, and leaks memory. Do not use it. Check out lru-cache if you want a good and tested way to coalesce async requests by a key value, which is much more comprehensive and powerful.
Package desktop app (macos-latest)	UNKNOWN STEP	2026-06-26T16:10:48.9979230Z npm warn deprecated gar@1.0.4: Package no longer supported. Contact Support at https://www.npmjs.com/support for more info.
Package desktop app (macos-latest)	UNKNOWN STEP	2026-06-26T16:10:49.0222350Z npm warn deprecated lodash.get@4.4.2: This package is deprecated. Use the optional chaining (?.) operator instead.
Package desktop app (macos-latest)	UNKNOWN STEP	2026-06-26T16:10:49.0306420Z npm warn deprecated @npmcli/move-file@2.0.1: This functionality has been moved to @npmcli/fs
Package desktop app (macos-latest)	UNKNOWN STEP	2026-06-26T16:10:49.0479490Z npm warn deprecated rimraf@2.6.3: Rimraf versions prior to v4 are no longer supported
Package desktop app (macos-latest)	UNKNOWN STEP	2026-06-26T16:10:49.0938740Z npm warn deprecated rimraf@3.0.2: Rimraf versions prior to v4 are no longer supported
Package desktop app (macos-latest)	UNKNOWN STEP	2026-06-26T16:10:49.0950650Z npm warn deprecated rimraf@3.0.2: Rimraf versions prior to v4 are no longer supported
Package desktop app (macos-latest)	UNKNOWN STEP	2026-06-26T16:10:49.1382750Z npm warn deprecated glob@7.2.3: Old versions of glob are not supported, and contain widely publicized security vulnerabilities, which have been fixed in the current version. Please update. Support for old versions may be purchased (at exorbitant rates) by contacting i@izs.me
Package desktop app (macos-latest)	UNKNOWN STEP	2026-06-26T16:10:49.1541210Z npm warn deprecated glob@7.2.3: Old versions of glob are not supported, and contain widely publicized security vulnerabilities, which have been fixed in the current version. Please update. Support for old versions may be purchased (at exorbitant rates) by contacting i@izs.me
Package desktop app (macos-latest)	UNKNOWN STEP	2026-06-26T16:10:49.1563560Z npm warn deprecated glob@8.1.0: Old versions of glob are not supported, and contain widely publicized security vulnerabilities, which have been fixed in the current version. Please update. Support for old versions may be purchased (at exorbitant rates) by contacting i@izs.me
Package desktop app (macos-latest)	UNKNOWN STEP	2026-06-26T16:10:49.1571040Z npm warn deprecated glob@8.1.0: Old versions of glob are not supported, and contain widely publicized security vulnerabilities, which have been fixed in the current version. Please update. Support for old versions may be purchased (at exorbitant rates) by contacting i@izs.me
Package desktop app (macos-latest)	UNKNOWN STEP	2026-06-26T16:10:49.2917910Z npm warn deprecated boolean@3.2.0: Package no longer supported. Contact Support at https://www.npmjs.com/support for more info.
Package desktop app (macos-latest)	UNKNOWN STEP	2026-06-26T16:10:49.5951870Z npm warn deprecated tar@6.2.1: Old versions of tar are not supported, and contain widely publicized security vulnerabilities, which have been fixed in the current version. Please update. Support for old versions may be purchased (at exorbitant rates) by contacting i@izs.me
Package desktop app (macos-latest)	UNKNOWN STEP	2026-06-26T16:10:49.6020390Z npm warn deprecated tar@6.2.1: Old versions of tar are not supported, and contain widely publicized security vulnerabilities, which have been fixed in the current version. Please update. Support for old versions may be purchased (at exorbitant rates) by contacting i@izs.me
Package desktop app (macos-latest)	UNKNOWN STEP	2026-06-26T16:10:49.6059320Z npm warn deprecated tar@6.2.1: Old versions of tar are not supported, and contain widely publicized security vulnerabilities, which have been fixed in the current version. Please update. Support for old versions may be purchased (at exorbitant rates) by contacting i@izs.me
Package desktop app (macos-latest)	UNKNOWN STEP	2026-06-26T16:10:53.5842880Z
Package desktop app (macos-latest)	UNKNOWN STEP	2026-06-26T16:10:53.5843500Z added 646 packages, and audited 647 packages in 6s
Package desktop app (macos-latest)	UNKNOWN STEP	2026-06-26T16:10:53.5843740Z
Package desktop app (macos-latest)	UNKNOWN STEP	2026-06-26T16:10:53.5843940Z 102 packages are looking for funding
Package desktop app (macos-latest)	UNKNOWN STEP	2026-06-26T16:10:53.5844440Z   run `npm fund` for details
Package desktop app (macos-latest)	UNKNOWN STEP	2026-06-26T16:10:53.6685870Z
Package desktop app (macos-latest)	UNKNOWN STEP	2026-06-26T16:10:53.6686470Z 28 vulnerabilities (4 low, 24 high)
Package desktop app (macos-latest)	UNKNOWN STEP	2026-06-26T16:10:53.6686880Z
Package desktop app (macos-latest)	UNKNOWN STEP	2026-06-26T16:10:53.6687910Z To address issues that do not require attention, run:
Package desktop app (macos-latest)	UNKNOWN STEP	2026-06-26T16:10:53.6688450Z   npm audit fix
Package desktop app (macos-latest)	UNKNOWN STEP	2026-06-26T16:10:53.6688750Z
Package desktop app (macos-latest)	UNKNOWN STEP	2026-06-26T16:10:53.6689180Z To address all issues possible (including breaking changes), run:
Package desktop app (macos-latest)	UNKNOWN STEP	2026-06-26T16:10:53.6696210Z   npm audit fix --force
Package desktop app (macos-latest)	UNKNOWN STEP	2026-06-26T16:10:53.6696360Z
Package desktop app (macos-latest)	UNKNOWN STEP	2026-06-26T16:10:53.6696610Z Some issues need review, and may require choosing
Package desktop app (macos-latest)	UNKNOWN STEP	2026-06-26T16:10:53.6697130Z a different dependency.
Package desktop app (macos-latest)	UNKNOWN STEP	2026-06-26T16:10:53.6697310Z
Package desktop app (macos-latest)	UNKNOWN STEP	2026-06-26T16:10:53.6697470Z Run `npm audit` for details.
Package desktop app (macos-latest)	UNKNOWN STEP	2026-06-26T16:10:53.6868660Z ##[group]Run npm run example:desktop:package
Package desktop app (macos-latest)	UNKNOWN STEP	2026-06-26T16:10:53.6869060Z ^[[36;1mnpm run example:desktop:package^[[0m
Package desktop app (macos-latest)	UNKNOWN STEP	2026-06-26T16:10:53.6869400Z ^[[36;1mfor attempt in {1..30}; do^[[0m
Package desktop app (macos-latest)	UNKNOWN STEP	2026-06-26T16:10:53.6869780Z ^[[36;1m  if [[ -d examples/universal-app/out ]] &&^[[0m
Package desktop app (macos-latest)	UNKNOWN STEP	2026-06-26T16:10:53.6870230Z ^[[36;1m    [[ -n "$(find examples/universal-app/out -mindepth 1 -print -quit)" ]]; then^[[0m
Package desktop app (macos-latest)	UNKNOWN STEP	2026-06-26T16:10:53.6870790Z ^[[36;1m    find examples/universal-app/out -maxdepth 2 -mindepth 1 -print^[[0m
Package desktop app (macos-latest)	UNKNOWN STEP	2026-06-26T16:10:53.6871260Z ^[[36;1m    exit 0^[[0m
Package desktop app (macos-latest)	UNKNOWN STEP	2026-06-26T16:10:53.6871490Z ^[[36;1m  fi^[[0m
Package desktop app (macos-latest)	UNKNOWN STEP	2026-06-26T16:10:53.6871730Z ^[[36;1m  sleep 1^[[0m
Package desktop app (macos-latest)	UNKNOWN STEP	2026-06-26T16:10:53.6871950Z ^[[36;1mdone^[[0m
Package desktop app (macos-latest)	UNKNOWN STEP	2026-06-26T16:10:53.6872370Z ^[[36;1mecho "::error::Desktop package output was not created at examples/universal-app/out"^[[0m
Package desktop app (macos-latest)	UNKNOWN STEP	2026-06-26T16:10:53.6872820Z ^[[36;1mexit 1^[[0m
Package desktop app (macos-latest)	UNKNOWN STEP	2026-06-26T16:10:53.6909980Z shell: /bin/bash --noprofile --norc -e -o pipefail {0}
Package desktop app (macos-latest)	UNKNOWN STEP	2026-06-26T16:10:53.6910330Z env:
Package desktop app (macos-latest)	UNKNOWN STEP	2026-06-26T16:10:53.6910830Z   VITE_REPOSITORY_URL: https://github.com/konard/numbers-vectorization
Package desktop app (macos-latest)	UNKNOWN STEP	2026-06-26T16:10:53.6911220Z ##[endgroup]
Package desktop app (macos-latest)	UNKNOWN STEP	2026-06-26T16:10:53.8408250Z
Package desktop app (macos-latest)	UNKNOWN STEP	2026-06-26T16:10:53.8408930Z > @link-foundation/example-package-name@0.11.12 example:desktop:package
Package desktop app (macos-latest)	UNKNOWN STEP	2026-06-26T16:10:53.8409460Z > npm --prefix examples/universal-app run desktop:package
Package desktop app (macos-latest)	UNKNOWN STEP	2026-06-26T16:10:53.8409700Z
Package desktop app (macos-latest)	UNKNOWN STEP	2026-06-26T16:10:53.9552570Z
Package desktop app (macos-latest)	UNKNOWN STEP	2026-06-26T16:10:53.9553430Z > universal-example-app@0.1.0 desktop:package
Package desktop app (macos-latest)	UNKNOWN STEP	2026-06-26T16:10:53.9554060Z > npm run build && electron-forge package
Package desktop app (macos-latest)	UNKNOWN STEP	2026-06-26T16:10:53.9554440Z
Package desktop app (macos-latest)	UNKNOWN STEP	2026-06-26T16:10:54.0746320Z
Package desktop app (macos-latest)	UNKNOWN STEP	2026-06-26T16:10:54.0746820Z > universal-example-app@0.1.0 build
Package desktop app (macos-latest)	UNKNOWN STEP	2026-06-26T16:10:54.0747300Z > vite build
Package desktop app (macos-latest)	UNKNOWN STEP	2026-06-26T16:10:54.0747530Z
Package desktop app (macos-latest)	UNKNOWN STEP	2026-06-26T16:10:54.3008440Z ^[[36mvite v6.4.2 ^[[32mbuilding for production...^[[36m^[[39m
Package desktop app (macos-latest)	UNKNOWN STEP	2026-06-26T16:10:54.3407050Z transforming...
Package desktop app (macos-latest)	UNKNOWN STEP	2026-06-26T16:10:54.6811680Z ^[[32m✓^[[39m 24 modules transformed.
Package desktop app (macos-latest)	UNKNOWN STEP	2026-06-26T16:10:54.8066140Z rendering chunks...
Package desktop app (macos-latest)	UNKNOWN STEP	2026-06-26T16:10:54.8267020Z computing gzip size...
Package desktop app (macos-latest)	UNKNOWN STEP	2026-06-26T16:10:54.8392620Z ^[[2mdist/^[[22m^[[32mindex.html                 ^[[39m^[[1m^[[2m  0.60 kB^[[22m^[[1m^[[22m^[[2m │ gzip:  0.36 kB^[[22m
Package desktop app (macos-latest)	UNKNOWN STEP	2026-06-26T16:10:54.8628710Z ^[[2mdist/^[[22m^[[2massets/^[[22m^[[35mindex-C2IizFp6.css  ^[[39m^[[1m^[[2m  5.11 kB^[[22m^[[1m^[[22m^[[2m │ gzip:  1.68 kB^[[22m
Package desktop app (macos-latest)	UNKNOWN STEP	2026-06-26T16:10:54.8730600Z ^[[2mdist/^[[22m^[[2massets/^[[22m^[[36mindex-C49_oBaE.js   ^[[39m^[[1m^[[2m210.62 kB^[[22m^[[1m^[[22m^[[2m │ gzip: 61.84 kB^[[22m
Package desktop app (macos-latest)	UNKNOWN STEP	2026-06-26T16:10:54.8831590Z ^[[32m✓ built in 514ms^[[39m
Package desktop app (macos-latest)	UNKNOWN STEP	2026-06-26T16:10:54.9978510Z ^[[33m❯^[[39m Checking your system
Package desktop app (macos-latest)	UNKNOWN STEP	2026-06-26T16:10:54.9983160Z ^[[33m❯^[[39m Checking package manager version
Package desktop app (macos-latest)	UNKNOWN STEP	2026-06-26T16:10:54.9997170Z ^[[32m✔^[[39m Found npm@10.8.2
Package desktop app (macos-latest)	UNKNOWN STEP	2026-06-26T16:10:54.9997870Z ^[[32m✔^[[39m Checking your system
Package desktop app (macos-latest)	UNKNOWN STEP	2026-06-26T16:10:55.4131950Z ^[[?25h^[[33m❯^[[39m Preparing to package application
Package desktop app (macos-latest)	UNKNOWN STEP	2026-06-26T16:10:55.4186380Z ^[[32m✔^[[39m Preparing to package application
Package desktop app (macos-latest)	UNKNOWN STEP	2026-06-26T16:10:55.4186990Z ^[[33m❯^[[39m Running packaging hooks
Package desktop app (macos-latest)	UNKNOWN STEP	2026-06-26T16:10:55.4189610Z ^[[33m❯^[[39m Running generateAssets hook
Package desktop app (macos-latest)	UNKNOWN STEP	2026-06-26T16:10:55.4191280Z ^[[32m✔^[[39m Running generateAssets hook
Package desktop app (macos-latest)	UNKNOWN STEP	2026-06-26T16:10:55.4192510Z ^[[33m❯^[[39m Running prePackage hook
Package desktop app (macos-latest)	UNKNOWN STEP	2026-06-26T16:10:55.4193310Z ^[[32m✔^[[39m Running prePackage hook
Package desktop app (macos-latest)	UNKNOWN STEP	2026-06-26T16:10:55.4193750Z ^[[32m✔^[[39m Running packaging hooks
Package desktop app (macos-latest)	UNKNOWN STEP	2026-06-26T16:10:55.4194620Z ^[[33m❯^[[39m Packaging application
Package desktop app (macos-latest)	UNKNOWN STEP	2026-06-26T16:10:55.4197310Z › Determining targets...
Package desktop app (macos-latest)	UNKNOWN STEP	2026-06-26T16:10:55.4239990Z ^[[33m❯^[[39m Packaging for arm64 on darwin
Package desktop app (macos-latest)	UNKNOWN STEP	2026-06-26T16:10:55.4242960Z ^[[33m❯^[[39m Copying files
Package desktop app (macos-latest)	UNKNOWN STEP	2026-06-26T16:10:55.4243360Z ^[[33m❯^[[39m Preparing native dependencies
Package desktop app (macos-latest)	UNKNOWN STEP	2026-06-26T16:10:55.4243750Z ^[[33m❯^[[39m Finalizing package
Package desktop app (macos-latest)	UNKNOWN STEP	2026-06-26T16:10:57.4709960Z ^[[32m✔^[[39m Copying files
Package desktop app (macos-latest)	UNKNOWN STEP	2026-06-26T16:10:57.6161990Z ^[[32m✔^[[39m Preparing native dependencies
Package desktop app (macos-latest)	UNKNOWN STEP	2026-06-26T16:10:57.7987150Z ^[[32m✔^[[39m Finalizing package
Package desktop app (macos-latest)	UNKNOWN STEP	2026-06-26T16:10:57.8090570Z ^[[32m✔^[[39m Packaging for arm64 on darwin
Package desktop app (macos-latest)	UNKNOWN STEP	2026-06-26T16:10:57.8193190Z ^[[32m✔^[[39m Packaging application
Package desktop app (macos-latest)	UNKNOWN STEP	2026-06-26T16:10:57.8299470Z ^[[33m❯^[[39m Running postPackage hook
Package desktop app (macos-latest)	UNKNOWN STEP	2026-06-26T16:10:57.8401030Z ^[[32m✔^[[39m Running postPackage hook
Package desktop app (macos-latest)	UNKNOWN STEP	2026-06-26T16:10:57.8501200Z ^[[?25hexamples/universal-app/out/Universal Example App-darwin-arm64
Package desktop app (macos-latest)	UNKNOWN STEP	2026-06-26T16:10:57.8602500Z examples/universal-app/out/Universal Example App-darwin-arm64/LICENSE
Package desktop app (macos-latest)	UNKNOWN STEP	2026-06-26T16:10:57.8702780Z examples/universal-app/out/Universal Example App-darwin-arm64/Universal Example App.app
Package desktop app (macos-latest)	UNKNOWN STEP	2026-06-26T16:10:57.8803940Z examples/universal-app/out/Universal Example App-darwin-arm64/version
Package desktop app (macos-latest)	UNKNOWN STEP	2026-06-26T16:10:57.8904380Z examples/universal-app/out/Universal Example App-darwin-arm64/LICENSES.chromium.html
Package desktop app (macos-latest)	UNKNOWN STEP	2026-06-26T16:10:57.9057230Z ##[group]Run actions/upload-artifact@v7
Package desktop app (macos-latest)	UNKNOWN STEP	2026-06-26T16:10:57.9057630Z with:
Package desktop app (macos-latest)	UNKNOWN STEP	2026-06-26T16:10:57.9057840Z   name: universal-example-desktop-macos-latest
Package desktop app (macos-latest)	UNKNOWN STEP	2026-06-26T16:10:57.9058100Z   path: examples/universal-app/out
Package desktop app (macos-latest)	UNKNOWN STEP	2026-06-26T16:10:57.9058380Z   if-no-files-found: error
Package desktop app (macos-latest)	UNKNOWN STEP	2026-06-26T16:10:57.9068620Z   compression-level: 6
Package desktop app (macos-latest)	UNKNOWN STEP	2026-06-26T16:10:57.9068870Z   overwrite: false
Package desktop app (macos-latest)	UNKNOWN STEP	2026-06-26T16:10:57.9069080Z   include-hidden-files: false
Package desktop app (macos-latest)	UNKNOWN STEP	2026-06-26T16:10:57.9069320Z   archive: true
Package desktop app (macos-latest)	UNKNOWN STEP	2026-06-26T16:10:57.9069490Z ##[endgroup]
Package desktop app (macos-latest)	UNKNOWN STEP	2026-06-26T16:10:58.9624560Z With the provided path, there will be 248 files uploaded
Package desktop app (macos-latest)	UNKNOWN STEP	2026-06-26T16:10:58.9625080Z Artifact name is valid!
Package desktop app (macos-latest)	UNKNOWN STEP	2026-06-26T16:10:58.9625460Z Root directory input is valid!
Package desktop app (macos-latest)	UNKNOWN STEP	2026-06-26T16:10:58.9629150Z Uploading artifact: universal-example-desktop-macos-latest.zip
Package desktop app (macos-latest)	UNKNOWN STEP	2026-06-26T16:10:58.9629680Z Beginning upload of artifact content to blob storage
Package desktop app (macos-latest)	UNKNOWN STEP	2026-06-26T16:10:59.1195730Z Uploaded bytes 8388608
Package desktop app (macos-latest)	UNKNOWN STEP	2026-06-26T16:10:59.4202150Z Uploaded bytes 16777216
Package desktop app (macos-latest)	UNKNOWN STEP	2026-06-26T16:10:59.8792530Z Uploaded bytes 25165824
Package desktop app (macos-latest)	UNKNOWN STEP	2026-06-26T16:11:00.2949030Z Uploaded bytes 33554432
Package desktop app (macos-latest)	UNKNOWN STEP	2026-06-26T16:11:00.7376490Z Uploaded bytes 41943040
Package desktop app (macos-latest)	UNKNOWN STEP	2026-06-26T16:11:01.1589390Z Uploaded bytes 50331648
Package desktop app (macos-latest)	UNKNOWN STEP	2026-06-26T16:11:01.5511820Z Uploaded bytes 58720256
Package desktop app (macos-latest)	UNKNOWN STEP	2026-06-26T16:11:02.0878240Z Uploaded bytes 67108864
Package desktop app (macos-latest)	UNKNOWN STEP	2026-06-26T16:11:02.4645410Z Uploaded bytes 75497472
Package desktop app (macos-latest)	UNKNOWN STEP	2026-06-26T16:11:02.9986310Z Uploaded bytes 83886080
Package desktop app (macos-latest)	UNKNOWN STEP	2026-06-26T16:11:03.5499740Z Uploaded bytes 92274688
Package desktop app (macos-latest)	UNKNOWN STEP	2026-06-26T16:11:03.9006240Z Uploaded bytes 100663296
Package desktop app (macos-latest)	UNKNOWN STEP	2026-06-26T16:11:04.3462810Z Uploaded bytes 109051904
Package desktop app (macos-latest)	UNKNOWN STEP	2026-06-26T16:11:04.7148300Z Uploaded bytes 117440512
Package desktop app (macos-latest)	UNKNOWN STEP	2026-06-26T16:11:05.1976100Z Uploaded bytes 125829120
Package desktop app (macos-latest)	UNKNOWN STEP	2026-06-26T16:11:05.5151540Z Uploaded bytes 134217728
Package desktop app (macos-latest)	UNKNOWN STEP	2026-06-26T16:11:05.9486680Z Uploaded bytes 142606336
Package desktop app (macos-latest)	UNKNOWN STEP	2026-06-26T16:11:06.3194340Z Uploaded bytes 150994944
Package desktop app (macos-latest)	UNKNOWN STEP	2026-06-26T16:11:06.6749520Z Uploaded bytes 159383552
Package desktop app (macos-latest)	UNKNOWN STEP	2026-06-26T16:11:07.2182530Z Uploaded bytes 167772160
Package desktop app (macos-latest)	UNKNOWN STEP	2026-06-26T16:11:07.6122190Z Uploaded bytes 176160768
Package desktop app (macos-latest)	UNKNOWN STEP	2026-06-26T16:11:08.1720540Z Uploaded bytes 184549376
Package desktop app (macos-latest)	UNKNOWN STEP	2026-06-26T16:11:08.6853580Z Uploaded bytes 192937984
Package desktop app (macos-latest)	UNKNOWN STEP	2026-06-26T16:11:09.0553520Z Uploaded bytes 201326592
Package desktop app (macos-latest)	UNKNOWN STEP	2026-06-26T16:11:09.5563120Z Uploaded bytes 209715200
Package desktop app (macos-latest)	UNKNOWN STEP	2026-06-26T16:11:10.1562730Z Uploaded bytes 218103808
Package desktop app (macos-latest)	UNKNOWN STEP	2026-06-26T16:11:10.3271150Z Uploaded bytes 226492416
Package desktop app (macos-latest)	UNKNOWN STEP	2026-06-26T16:11:10.6710950Z Uploaded bytes 234881024
Package desktop app (macos-latest)	UNKNOWN STEP	2026-06-26T16:11:11.0986030Z Uploaded bytes 243269632
Package desktop app (macos-latest)	UNKNOWN STEP	2026-06-26T16:11:11.4997390Z Uploaded bytes 251658240
Package desktop app (macos-latest)	UNKNOWN STEP	2026-06-26T16:11:12.0251970Z Uploaded bytes 260046848
Package desktop app (macos-latest)	UNKNOWN STEP	2026-06-26T16:11:12.5342240Z Uploaded bytes 268435456
Package desktop app (macos-latest)	UNKNOWN STEP	2026-06-26T16:11:12.9205190Z Uploaded bytes 276824064
Package desktop app (macos-latest)	UNKNOWN STEP	2026-06-26T16:11:13.5044380Z Uploaded bytes 285212672
Package desktop app (macos-latest)	UNKNOWN STEP	2026-06-26T16:11:14.0507390Z Uploaded bytes 293601280
Package desktop app (macos-latest)	UNKNOWN STEP	2026-06-26T16:11:14.4555810Z Uploaded bytes 301989888
Package desktop app (macos-latest)	UNKNOWN STEP	2026-06-26T16:11:14.7033340Z Uploaded bytes 306019462
Package desktop app (macos-latest)	UNKNOWN STEP	2026-06-26T16:11:14.7270720Z Finished uploading artifact content to blob storage!
Package desktop app (macos-latest)	UNKNOWN STEP	2026-06-26T16:11:14.7272440Z SHA256 digest of uploaded artifact is 9926992243eff6347199b48c927fa097dae59140acacdcae3a34cad438f134db
Package desktop app (macos-latest)	UNKNOWN STEP	2026-06-26T16:11:14.7273230Z Finalizing artifact upload
Package desktop app (macos-latest)	UNKNOWN STEP	2026-06-26T16:11:14.9172690Z Artifact universal-example-desktop-macos-latest successfully finalized. Artifact ID 7910460111
Package desktop app (macos-latest)	UNKNOWN STEP	2026-06-26T16:11:14.9175770Z Artifact universal-example-desktop-macos-latest has been successfully uploaded! Final size is 306019462 bytes. Artifact ID is 7910460111
Package desktop app (macos-latest)	UNKNOWN STEP	2026-06-26T16:11:14.9176780Z Artifact download URL: https://github.com/konard/numbers-vectorization/actions/runs/28250265337/artifacts/7910460111
Package desktop app (macos-latest)	UNKNOWN STEP	2026-06-26T16:11:14.9255050Z Post job cleanup.
Package desktop app (macos-latest)	UNKNOWN STEP	2026-06-26T16:11:15.0349220Z Cache hit occurred on the primary key node-cache-macOS-arm64-npm-c3fdb96c54c657819d363bfcc7a231d9d23fc1642c1368507629cff4f1c70092, not saving cache.
Package desktop app (macos-latest)	UNKNOWN STEP	2026-06-26T16:11:15.0431290Z Post job cleanup.
Package desktop app (macos-latest)	UNKNOWN STEP	2026-06-26T16:11:15.1177340Z [command]/opt/homebrew/bin/git version
Package desktop app (macos-latest)	UNKNOWN STEP	2026-06-26T16:11:15.1358530Z git version 2.54.0
Package desktop app (macos-latest)	UNKNOWN STEP	2026-06-26T16:11:15.1376290Z Copying '/Users/runner/.gitconfig' to '/Users/runner/work/_temp/df680669-3deb-4bc1-bbb6-49e61f0f17e3/.gitconfig'
Package desktop app (macos-latest)	UNKNOWN STEP	2026-06-26T16:11:15.1382090Z Temporarily overriding HOME='/Users/runner/work/_temp/df680669-3deb-4bc1-bbb6-49e61f0f17e3' before making global git config changes
Package desktop app (macos-latest)	UNKNOWN STEP	2026-06-26T16:11:15.1383040Z Adding repository directory to the temporary git global config as a safe directory
Package desktop app (macos-latest)	UNKNOWN STEP	2026-06-26T16:11:15.1385710Z [command]/opt/homebrew/bin/git config --global --add safe.directory /Users/runner/work/numbers-vectorization/numbers-vectorization
Package desktop app (macos-latest)	UNKNOWN STEP	2026-06-26T16:11:15.1481070Z Removing SSH command configuration
Package desktop app (macos-latest)	UNKNOWN STEP	2026-06-26T16:11:15.1486640Z [command]/opt/homebrew/bin/git config --local --name-only --get-regexp core\.sshCommand
Package desktop app (macos-latest)	UNKNOWN STEP	2026-06-26T16:11:15.1547930Z [command]/opt/homebrew/bin/git submodule foreach --recursive sh -c "git config --local --name-only --get-regexp 'core\.sshCommand' && git config --local --unset-all 'core.sshCommand' || :"
Package desktop app (macos-latest)	UNKNOWN STEP	2026-06-26T16:11:15.2343510Z Removing HTTP extra header
Package desktop app (macos-latest)	UNKNOWN STEP	2026-06-26T16:11:15.2344740Z [command]/opt/homebrew/bin/git config --local --name-only --get-regexp http\.https\:\/\/github\.com\/\.extraheader
Package desktop app (macos-latest)	UNKNOWN STEP	2026-06-26T16:11:15.2510400Z [command]/opt/homebrew/bin/git submodule foreach --recursive sh -c "git config --local --name-only --get-regexp 'http\.https\:\/\/github\.com\/\.extraheader' && git config --local --unset-all 'http.https://github.com/.extraheader' || :"
Package desktop app (macos-latest)	UNKNOWN STEP	2026-06-26T16:11:15.3159810Z Removing includeIf entries pointing to credentials config files
Package desktop app (macos-latest)	UNKNOWN STEP	2026-06-26T16:11:15.3164110Z [command]/opt/homebrew/bin/git config --local --name-only --get-regexp ^includeIf\.gitdir:
Package desktop app (macos-latest)	UNKNOWN STEP	2026-06-26T16:11:15.3217230Z includeif.gitdir:/Users/runner/work/numbers-vectorization/numbers-vectorization/.git.path
Package desktop app (macos-latest)	UNKNOWN STEP	2026-06-26T16:11:15.3218000Z includeif.gitdir:/Users/runner/work/numbers-vectorization/numbers-vectorization/.git/worktrees/*.path
Package desktop app (macos-latest)	UNKNOWN STEP	2026-06-26T16:11:15.3218530Z includeif.gitdir:/github/workspace/.git.path
Package desktop app (macos-latest)	UNKNOWN STEP	2026-06-26T16:11:15.3218920Z includeif.gitdir:/github/workspace/.git/worktrees/*.path
Package desktop app (macos-latest)	UNKNOWN STEP	2026-06-26T16:11:15.3222660Z [command]/opt/homebrew/bin/git config --local --get-all includeif.gitdir:/Users/runner/work/numbers-vectorization/numbers-vectorization/.git.path
Package desktop app (macos-latest)	UNKNOWN STEP	2026-06-26T16:11:15.3273650Z /Users/runner/work/_temp/git-credentials-f3f7d2ca-7299-4d5e-b7ad-1abbba821576.config
Package desktop app (macos-latest)	UNKNOWN STEP	2026-06-26T16:11:15.3281690Z [command]/opt/homebrew/bin/git config --local --unset includeif.gitdir:/Users/runner/work/numbers-vectorization/numbers-vectorization/.git.path /Users/runner/work/_temp/git-credentials-f3f7d2ca-7299-4d5e-b7ad-1abbba821576.config
Package desktop app (macos-latest)	UNKNOWN STEP	2026-06-26T16:11:15.3345380Z [command]/opt/homebrew/bin/git config --local --get-all includeif.gitdir:/Users/runner/work/numbers-vectorization/numbers-vectorization/.git/worktrees/*.path
Package desktop app (macos-latest)	UNKNOWN STEP	2026-06-26T16:11:15.3398490Z /Users/runner/work/_temp/git-credentials-f3f7d2ca-7299-4d5e-b7ad-1abbba821576.config
Package desktop app (macos-latest)	UNKNOWN STEP	2026-06-26T16:11:15.3405130Z [command]/opt/homebrew/bin/git config --local --unset includeif.gitdir:/Users/runner/work/numbers-vectorization/numbers-vectorization/.git/worktrees/*.path /Users/runner/work/_temp/git-credentials-f3f7d2ca-7299-4d5e-b7ad-1abbba821576.config
Package desktop app (macos-latest)	UNKNOWN STEP	2026-06-26T16:11:15.3462980Z [command]/opt/homebrew/bin/git config --local --get-all includeif.gitdir:/github/workspace/.git.path
Package desktop app (macos-latest)	UNKNOWN STEP	2026-06-26T16:11:15.3514310Z /github/runner_temp/git-credentials-f3f7d2ca-7299-4d5e-b7ad-1abbba821576.config
Package desktop app (macos-latest)	UNKNOWN STEP	2026-06-26T16:11:15.3519500Z [command]/opt/homebrew/bin/git config --local --unset includeif.gitdir:/github/workspace/.git.path /github/runner_temp/git-credentials-f3f7d2ca-7299-4d5e-b7ad-1abbba821576.config
Package desktop app (macos-latest)	UNKNOWN STEP	2026-06-26T16:11:15.3577100Z [command]/opt/homebrew/bin/git config --local --get-all includeif.gitdir:/github/workspace/.git/worktrees/*.path
Package desktop app (macos-latest)	UNKNOWN STEP	2026-06-26T16:11:15.3628200Z /github/runner_temp/git-credentials-f3f7d2ca-7299-4d5e-b7ad-1abbba821576.config
Package desktop app (macos-latest)	UNKNOWN STEP	2026-06-26T16:11:15.3634500Z [command]/opt/homebrew/bin/git config --local --unset includeif.gitdir:/github/workspace/.git/worktrees/*.path /github/runner_temp/git-credentials-f3f7d2ca-7299-4d5e-b7ad-1abbba821576.config
Package desktop app (macos-latest)	UNKNOWN STEP	2026-06-26T16:11:15.3697890Z [command]/opt/homebrew/bin/git submodule foreach --recursive git config --local --show-origin --name-only --get-regexp remote.origin.url
Package desktop app (macos-latest)	UNKNOWN STEP	2026-06-26T16:11:15.4398180Z Removing credentials config '/Users/runner/work/_temp/git-credentials-f3f7d2ca-7299-4d5e-b7ad-1abbba821576.config'
Package desktop app (macos-latest)	UNKNOWN STEP	2026-06-26T16:11:15.4482800Z Cleaning up orphan processes
Package desktop app (windows-latest)	UNKNOWN STEP	﻿2026-06-26T16:10:39.4179225Z Current runner version: '2.335.1'
Package desktop app (windows-latest)	UNKNOWN STEP	2026-06-26T16:10:39.4216085Z ##[group]Runner Image Provisioner
Package desktop app (windows-latest)	UNKNOWN STEP	2026-06-26T16:10:39.4217271Z Hosted Compute Agent
Package desktop app (windows-latest)	UNKNOWN STEP	2026-06-26T16:10:39.4219046Z Version: 20260611.554
Package desktop app (windows-latest)	UNKNOWN STEP	2026-06-26T16:10:39.4219992Z Commit: 5e0782fdc9014723d3be820dd114dd31555c2bd1
Package desktop app (windows-latest)	UNKNOWN STEP	2026-06-26T16:10:39.4221145Z Build Date: 2026-06-11T21:40:46Z
Package desktop app (windows-latest)	UNKNOWN STEP	2026-06-26T16:10:39.4222197Z Worker ID: {a69d5c91-d43d-453a-8131-67e6bc0e6e1c}
Package desktop app (windows-latest)	UNKNOWN STEP	2026-06-26T16:10:39.4223344Z Azure Region: northcentralus
Package desktop app (windows-latest)	UNKNOWN STEP	2026-06-26T16:10:39.4224296Z ##[endgroup]
Package desktop app (windows-latest)	UNKNOWN STEP	2026-06-26T16:10:39.4226538Z ##[group]Operating System
Package desktop app (windows-latest)	UNKNOWN STEP	2026-06-26T16:10:39.4227610Z Microsoft Windows Server 2025
Package desktop app (windows-latest)	UNKNOWN STEP	2026-06-26T16:10:39.4228570Z 10.0.26100
Package desktop app (windows-latest)	UNKNOWN STEP	2026-06-26T16:10:39.4229324Z Datacenter
Package desktop app (windows-latest)	UNKNOWN STEP	2026-06-26T16:10:39.4230096Z ##[endgroup]
Package desktop app (windows-latest)	UNKNOWN STEP	2026-06-26T16:10:39.4230894Z ##[group]Runner Image
Package desktop app (windows-latest)	UNKNOWN STEP	2026-06-26T16:10:39.4231763Z Image: windows-2025-vs2026
Package desktop app (windows-latest)	UNKNOWN STEP	2026-06-26T16:10:39.4232682Z Version: 20260622.153.1
Package desktop app (windows-latest)	UNKNOWN STEP	2026-06-26T16:10:39.4234954Z Included Software: https://github.com/actions/runner-images/blob/win25-vs2026/20260622.153/images/windows/Windows2025-VS2026-Readme.md
Package desktop app (windows-latest)	UNKNOWN STEP	2026-06-26T16:10:39.4237799Z Image Release: https://github.com/actions/runner-images/releases/tag/win25-vs2026%2F20260622.153
Package desktop app (windows-latest)	UNKNOWN STEP	2026-06-26T16:10:39.4240053Z ##[endgroup]
Package desktop app (windows-latest)	UNKNOWN STEP	2026-06-26T16:10:39.4242049Z ##[group]GITHUB_TOKEN Permissions
Package desktop app (windows-latest)	UNKNOWN STEP	2026-06-26T16:10:39.4244779Z Contents: read
Package desktop app (windows-latest)	UNKNOWN STEP	2026-06-26T16:10:39.4245684Z Metadata: read
Package desktop app (windows-latest)	UNKNOWN STEP	2026-06-26T16:10:39.4246580Z Pages: write
Package desktop app (windows-latest)	UNKNOWN STEP	2026-06-26T16:10:39.4247351Z ##[endgroup]
Package desktop app (windows-latest)	UNKNOWN STEP	2026-06-26T16:10:39.4250256Z Secret source: Actions
Package desktop app (windows-latest)	UNKNOWN STEP	2026-06-26T16:10:39.4251426Z Prepare workflow directory
Package desktop app (windows-latest)	UNKNOWN STEP	2026-06-26T16:10:39.4758246Z Prepare all required actions
Package desktop app (windows-latest)	UNKNOWN STEP	2026-06-26T16:10:39.4814550Z Getting action download info
Package desktop app (windows-latest)	UNKNOWN STEP	2026-06-26T16:10:39.7113950Z Download action repository 'actions/checkout@v6' (SHA:df4cb1c069e1874edd31b4311f1884172cec0e10)
Package desktop app (windows-latest)	UNKNOWN STEP	2026-06-26T16:10:40.1772742Z Download action repository 'actions/setup-node@v6' (SHA:48b55a011bda9f5d6aeb4c2d9c7362e8dae4041e)
Package desktop app (windows-latest)	UNKNOWN STEP	2026-06-26T16:10:40.7121252Z Download action repository 'actions/upload-artifact@v7' (SHA:043fb46d1a93c77aae656e7c1c64a875d1fc6a0a)
Package desktop app (windows-latest)	UNKNOWN STEP	2026-06-26T16:10:44.3879281Z Complete job name: Package desktop app (windows-latest)
Package desktop app (windows-latest)	UNKNOWN STEP	2026-06-26T16:10:46.0792206Z ##[group]Run actions/checkout@v6
Package desktop app (windows-latest)	UNKNOWN STEP	2026-06-26T16:10:46.0792931Z with:
Package desktop app (windows-latest)	UNKNOWN STEP	2026-06-26T16:10:46.0793150Z   repository: konard/numbers-vectorization
Package desktop app (windows-latest)	UNKNOWN STEP	2026-06-26T16:10:46.0795975Z   token: ***
Package desktop app (windows-latest)	UNKNOWN STEP	2026-06-26T16:10:46.0796159Z   ssh-strict: true
Package desktop app (windows-latest)	UNKNOWN STEP	2026-06-26T16:10:46.0796343Z   ssh-user: git
Package desktop app (windows-latest)	UNKNOWN STEP	2026-06-26T16:10:46.0796534Z   persist-credentials: true
Package desktop app (windows-latest)	UNKNOWN STEP	2026-06-26T16:10:46.0796761Z   clean: true
Package desktop app (windows-latest)	UNKNOWN STEP	2026-06-26T16:10:46.0796946Z   sparse-checkout-cone-mode: true
Package desktop app (windows-latest)	UNKNOWN STEP	2026-06-26T16:10:46.0797175Z   fetch-depth: 1
Package desktop app (windows-latest)	UNKNOWN STEP	2026-06-26T16:10:46.0797354Z   fetch-tags: false
Package desktop app (windows-latest)	UNKNOWN STEP	2026-06-26T16:10:46.0797546Z   show-progress: true
Package desktop app (windows-latest)	UNKNOWN STEP	2026-06-26T16:10:46.0797736Z   lfs: false
Package desktop app (windows-latest)	UNKNOWN STEP	2026-06-26T16:10:46.0797905Z   submodules: false
Package desktop app (windows-latest)	UNKNOWN STEP	2026-06-26T16:10:46.0798099Z   set-safe-directory: true
Package desktop app (windows-latest)	UNKNOWN STEP	2026-06-26T16:10:46.0798500Z ##[endgroup]
Package desktop app (windows-latest)	UNKNOWN STEP	2026-06-26T16:10:46.8058927Z Syncing repository: konard/numbers-vectorization
Package desktop app (windows-latest)	UNKNOWN STEP	2026-06-26T16:10:46.8060484Z ##[group]Getting Git version info
Package desktop app (windows-latest)	UNKNOWN STEP	2026-06-26T16:10:46.8060971Z Working directory is 'D:\a\numbers-vectorization\numbers-vectorization'
Package desktop app (windows-latest)	UNKNOWN STEP	2026-06-26T16:10:46.8896549Z [command]"C:\Program Files\Git\bin\git.exe" version
Package desktop app (windows-latest)	UNKNOWN STEP	2026-06-26T16:10:51.5800735Z git version 2.54.0.windows.1
Package desktop app (windows-latest)	UNKNOWN STEP	2026-06-26T16:10:51.5853712Z ##[endgroup]
Package desktop app (windows-latest)	UNKNOWN STEP	2026-06-26T16:10:51.5875026Z Temporarily overriding HOME='D:\a\_temp\2e030bb4-21dc-4725-bfeb-b1aeab635126' before making global git config changes
Package desktop app (windows-latest)	UNKNOWN STEP	2026-06-26T16:10:51.5875835Z Adding repository directory to the temporary git global config as a safe directory
Package desktop app (windows-latest)	UNKNOWN STEP	2026-06-26T16:10:51.5886779Z [command]"C:\Program Files\Git\bin\git.exe" config --global --add safe.directory D:\a\numbers-vectorization\numbers-vectorization
Package desktop app (windows-latest)	UNKNOWN STEP	2026-06-26T16:10:51.6204759Z Deleting the contents of 'D:\a\numbers-vectorization\numbers-vectorization'
Package desktop app (windows-latest)	UNKNOWN STEP	2026-06-26T16:10:51.6210962Z ##[group]Determining repository object format
Package desktop app (windows-latest)	UNKNOWN STEP	2026-06-26T16:10:51.6213815Z ##[endgroup]
Package desktop app (windows-latest)	UNKNOWN STEP	2026-06-26T16:10:51.6216954Z ##[group]Initializing the repository
Package desktop app (windows-latest)	UNKNOWN STEP	2026-06-26T16:10:51.6223689Z [command]"C:\Program Files\Git\bin\git.exe" init D:\a\numbers-vectorization\numbers-vectorization
Package desktop app (windows-latest)	UNKNOWN STEP	2026-06-26T16:10:51.7114915Z Initialized empty Git repository in D:/a/numbers-vectorization/numbers-vectorization/.git/
Package desktop app (windows-latest)	UNKNOWN STEP	2026-06-26T16:10:51.7175296Z [command]"C:\Program Files\Git\bin\git.exe" remote add origin https://github.com/konard/numbers-vectorization
Package desktop app (windows-latest)	UNKNOWN STEP	2026-06-26T16:10:51.7506496Z ##[endgroup]
Package desktop app (windows-latest)	UNKNOWN STEP	2026-06-26T16:10:51.7506893Z ##[group]Disabling automatic garbage collection
Package desktop app (windows-latest)	UNKNOWN STEP	2026-06-26T16:10:51.7522260Z [command]"C:\Program Files\Git\bin\git.exe" config --local gc.auto 0
Package desktop app (windows-latest)	UNKNOWN STEP	2026-06-26T16:10:51.7849631Z ##[endgroup]
Package desktop app (windows-latest)	UNKNOWN STEP	2026-06-26T16:10:51.7850008Z ##[group]Setting up auth
Package desktop app (windows-latest)	UNKNOWN STEP	2026-06-26T16:10:51.7852802Z Removing SSH command configuration
Package desktop app (windows-latest)	UNKNOWN STEP	2026-06-26T16:10:51.7866959Z [command]"C:\Program Files\Git\bin\git.exe" config --local --name-only --get-regexp core\.sshCommand
Package desktop app (windows-latest)	UNKNOWN STEP	2026-06-26T16:10:51.8196141Z [command]"C:\Program Files\Git\bin\git.exe" submodule foreach --recursive "sh -c \"git config --local --name-only --get-regexp 'core\.sshCommand' && git config --local --unset-all 'core.sshCommand' || :\""
Package desktop app (windows-latest)	UNKNOWN STEP	2026-06-26T16:10:52.8945218Z Removing HTTP extra header
Package desktop app (windows-latest)	UNKNOWN STEP	2026-06-26T16:10:52.8955586Z [command]"C:\Program Files\Git\bin\git.exe" config --local --name-only --get-regexp http\.https\:\/\/github\.com\/\.extraheader
Package desktop app (windows-latest)	UNKNOWN STEP	2026-06-26T16:10:52.9282797Z [command]"C:\Program Files\Git\bin\git.exe" submodule foreach --recursive "sh -c \"git config --local --name-only --get-regexp 'http\.https\:\/\/github\.com\/\.extraheader' && git config --local --unset-all 'http.https://github.com/.extraheader' || :\""
Package desktop app (windows-latest)	UNKNOWN STEP	2026-06-26T16:10:53.4725174Z Removing includeIf entries pointing to credentials config files
Package desktop app (windows-latest)	UNKNOWN STEP	2026-06-26T16:10:53.4737179Z [command]"C:\Program Files\Git\bin\git.exe" config --local --name-only --get-regexp ^includeIf\.gitdir:
Package desktop app (windows-latest)	UNKNOWN STEP	2026-06-26T16:10:53.5061478Z [command]"C:\Program Files\Git\bin\git.exe" submodule foreach --recursive "git config --local --show-origin --name-only --get-regexp remote.origin.url"
Package desktop app (windows-latest)	UNKNOWN STEP	2026-06-26T16:10:54.0527056Z [command]"C:\Program Files\Git\bin\git.exe" config --file D:\a\_temp\git-credentials-bceec08e-3c48-43c1-8f67-ed972a29731d.config http.https://github.com/.extraheader "AUTHORIZATION: basic ***"
Package desktop app (windows-latest)	UNKNOWN STEP	2026-06-26T16:10:54.0853668Z [command]"C:\Program Files\Git\bin\git.exe" config --local includeIf.gitdir:D:/a/numbers-vectorization/numbers-vectorization/.git.path D:\a\_temp\git-credentials-bceec08e-3c48-43c1-8f67-ed972a29731d.config
Package desktop app (windows-latest)	UNKNOWN STEP	2026-06-26T16:10:54.1173607Z [command]"C:\Program Files\Git\bin\git.exe" config --local includeIf.gitdir:D:/a/numbers-vectorization/numbers-vectorization/.git/worktrees/*.path D:\a\_temp\git-credentials-bceec08e-3c48-43c1-8f67-ed972a29731d.config
Package desktop app (windows-latest)	UNKNOWN STEP	2026-06-26T16:10:54.1494430Z [command]"C:\Program Files\Git\bin\git.exe" config --local includeIf.gitdir:/github/workspace/.git.path /github/runner_temp/git-credentials-bceec08e-3c48-43c1-8f67-ed972a29731d.config
Package desktop app (windows-latest)	UNKNOWN STEP	2026-06-26T16:10:54.1816437Z [command]"C:\Program Files\Git\bin\git.exe" config --local includeIf.gitdir:/github/workspace/.git/worktrees/*.path /github/runner_temp/git-credentials-bceec08e-3c48-43c1-8f67-ed972a29731d.config
Package desktop app (windows-latest)	UNKNOWN STEP	2026-06-26T16:10:54.2130316Z ##[endgroup]
Package desktop app (windows-latest)	UNKNOWN STEP	2026-06-26T16:10:54.2144615Z ##[group]Fetching the repository
Package desktop app (windows-latest)	UNKNOWN STEP	2026-06-26T16:10:54.2145543Z [command]"C:\Program Files\Git\bin\git.exe" -c protocol.version=2 fetch --no-tags --prune --no-recurse-submodules --depth=1 origin +70d4599ed0a2af9685898466adfca4e118b39e34:refs/remotes/origin/main
Package desktop app (windows-latest)	UNKNOWN STEP	2026-06-26T16:10:55.1207467Z From https://github.com/konard/numbers-vectorization
Package desktop app (windows-latest)	UNKNOWN STEP	2026-06-26T16:10:55.1208813Z  * [new ref]         70d4599ed0a2af9685898466adfca4e118b39e34 -> origin/main
Package desktop app (windows-latest)	UNKNOWN STEP	2026-06-26T16:10:55.1445339Z [command]"C:\Program Files\Git\bin\git.exe" branch --list --remote origin/main
Package desktop app (windows-latest)	UNKNOWN STEP	2026-06-26T16:10:55.1738273Z   origin/main
Package desktop app (windows-latest)	UNKNOWN STEP	2026-06-26T16:10:55.1787868Z [command]"C:\Program Files\Git\bin\git.exe" rev-parse refs/remotes/origin/main
Package desktop app (windows-latest)	UNKNOWN STEP	2026-06-26T16:10:55.2058304Z 70d4599ed0a2af9685898466adfca4e118b39e34
Package desktop app (windows-latest)	UNKNOWN STEP	2026-06-26T16:10:55.2099663Z ##[endgroup]
Package desktop app (windows-latest)	UNKNOWN STEP	2026-06-26T16:10:55.2100229Z ##[group]Determining the checkout info
Package desktop app (windows-latest)	UNKNOWN STEP	2026-06-26T16:10:55.2102715Z ##[endgroup]
Package desktop app (windows-latest)	UNKNOWN STEP	2026-06-26T16:10:55.2113108Z [command]"C:\Program Files\Git\bin\git.exe" sparse-checkout disable
Package desktop app (windows-latest)	UNKNOWN STEP	2026-06-26T16:10:55.2504268Z [command]"C:\Program Files\Git\bin\git.exe" config --local --unset-all extensions.worktreeConfig
Package desktop app (windows-latest)	UNKNOWN STEP	2026-06-26T16:10:55.2839284Z ##[group]Checking out the ref
Package desktop app (windows-latest)	UNKNOWN STEP	2026-06-26T16:10:55.2849182Z [command]"C:\Program Files\Git\bin\git.exe" checkout --progress --force -B main refs/remotes/origin/main
Package desktop app (windows-latest)	UNKNOWN STEP	2026-06-26T16:10:55.4382605Z Switched to a new branch 'main'
Package desktop app (windows-latest)	UNKNOWN STEP	2026-06-26T16:10:55.4400098Z branch 'main' set up to track 'origin/main'.
Package desktop app (windows-latest)	UNKNOWN STEP	2026-06-26T16:10:55.4453460Z ##[endgroup]
Package desktop app (windows-latest)	UNKNOWN STEP	2026-06-26T16:10:55.4814100Z [command]"C:\Program Files\Git\bin\git.exe" log -1 --format=%H
Package desktop app (windows-latest)	UNKNOWN STEP	2026-06-26T16:10:55.5105364Z 70d4599ed0a2af9685898466adfca4e118b39e34
Package desktop app (windows-latest)	UNKNOWN STEP	2026-06-26T16:10:55.5635879Z ##[group]Run actions/setup-node@v6
Package desktop app (windows-latest)	UNKNOWN STEP	2026-06-26T16:10:55.5636272Z with:
Package desktop app (windows-latest)	UNKNOWN STEP	2026-06-26T16:10:55.5636651Z   node-version: 20.x
Package desktop app (windows-latest)	UNKNOWN STEP	2026-06-26T16:10:55.5636903Z   cache: npm
Package desktop app (windows-latest)	UNKNOWN STEP	2026-06-26T16:10:55.5637242Z   cache-dependency-path: examples/universal-app/package-lock.json
Package desktop app (windows-latest)	UNKNOWN STEP	2026-06-26T16:10:55.5637672Z   check-latest: false
Package desktop app (windows-latest)	UNKNOWN STEP	2026-06-26T16:10:55.5641144Z   token: ***
Package desktop app (windows-latest)	UNKNOWN STEP	2026-06-26T16:10:55.5641370Z   package-manager-cache: true
Package desktop app (windows-latest)	UNKNOWN STEP	2026-06-26T16:10:55.5641635Z ##[endgroup]
Package desktop app (windows-latest)	UNKNOWN STEP	2026-06-26T16:10:55.7631918Z Attempting to download 20.x...
Package desktop app (windows-latest)	UNKNOWN STEP	2026-06-26T16:10:56.3495543Z Acquiring 20.20.2 - x64 from https://github.com/actions/node-versions/releases/download/20.20.2-23521894959/node-20.20.2-win32-x64.7z
Package desktop app (windows-latest)	UNKNOWN STEP	2026-06-26T16:10:56.6739352Z Extracting ...
Package desktop app (windows-latest)	UNKNOWN STEP	2026-06-26T16:10:58.9895440Z Adding to the cache ...
Package desktop app (windows-latest)	UNKNOWN STEP	2026-06-26T16:11:03.4140016Z ##[group]Environment details
Package desktop app (windows-latest)	UNKNOWN STEP	2026-06-26T16:11:05.8150994Z node: v20.20.2
Package desktop app (windows-latest)	UNKNOWN STEP	2026-06-26T16:11:05.8151258Z npm: 10.8.2
Package desktop app (windows-latest)	UNKNOWN STEP	2026-06-26T16:11:05.8151425Z yarn: 1.22.22
Package desktop app (windows-latest)	UNKNOWN STEP	2026-06-26T16:11:05.8151949Z ##[endgroup]
Package desktop app (windows-latest)	UNKNOWN STEP	2026-06-26T16:11:05.8933315Z [command]C:\Windows\system32\cmd.exe /D /S /C "C:\hostedtoolcache\windows\node\20.20.2\x64\npm.cmd config get cache"
Package desktop app (windows-latest)	UNKNOWN STEP	2026-06-26T16:11:06.2244409Z C:\npm\cache
Package desktop app (windows-latest)	UNKNOWN STEP	2026-06-26T16:11:06.5290721Z Cache hit for: node-cache-Windows-x64-npm-5f8434949d7ab49135625ef538c8a4323d216a4320afa11dced924005220dabb
Package desktop app (windows-latest)	UNKNOWN STEP	2026-06-26T16:11:06.7887368Z Received 91348 of 91348 (100.0%), 0.6 MBs/sec
Package desktop app (windows-latest)	UNKNOWN STEP	2026-06-26T16:11:06.7888607Z Cache Size: ~0 MB (91348 B)
Package desktop app (windows-latest)	UNKNOWN STEP	2026-06-26T16:11:06.7912601Z [command]"C:\Program Files\Git\usr\bin\tar.exe" -xf D:/a/_temp/ce0cf84b-8ece-49d2-983c-ad7a5d11f0e9/cache.tzst -P -C D:/a/numbers-vectorization/numbers-vectorization --force-local --use-compress-program "zstd -d"
Package desktop app (windows-latest)	UNKNOWN STEP	2026-06-26T16:11:06.9026416Z Cache restored successfully
Package desktop app (windows-latest)	UNKNOWN STEP	2026-06-26T16:11:06.9037289Z Cache restored from key: node-cache-Windows-x64-npm-5f8434949d7ab49135625ef538c8a4323d216a4320afa11dced924005220dabb
Package desktop app (windows-latest)	UNKNOWN STEP	2026-06-26T16:11:06.9341742Z ##[group]Run npm ci --prefix examples/universal-app
Package desktop app (windows-latest)	UNKNOWN STEP	2026-06-26T16:11:06.9342262Z ^[[36;1mnpm ci --prefix examples/universal-app^[[0m
Package desktop app (windows-latest)	UNKNOWN STEP	2026-06-26T16:11:07.2149791Z shell: C:\Program Files\PowerShell\7\pwsh.EXE -command ". '{0}'"
Package desktop app (windows-latest)	UNKNOWN STEP	2026-06-26T16:11:07.2150231Z ##[endgroup]
Package desktop app (windows-latest)	UNKNOWN STEP	2026-06-26T16:11:16.7927737Z npm warn skipping integrity check for git dependency ssh://git@github.com/electron/node-gyp.git
Package desktop app (windows-latest)	UNKNOWN STEP	2026-06-26T16:11:24.0252000Z npm warn deprecated lodash.get@4.4.2: This package is deprecated. Use the optional chaining (?.) operator instead.
Package desktop app (windows-latest)	UNKNOWN STEP	2026-06-26T16:11:24.1941362Z npm warn deprecated inflight@1.0.6: This module is not supported, and leaks memory. Do not use it. Check out lru-cache if you want a good and tested way to coalesce async requests by a key value, which is much more comprehensive and powerful.
Package desktop app (windows-latest)	UNKNOWN STEP	2026-06-26T16:11:25.3578479Z npm warn deprecated gar@1.0.4: Package no longer supported. Contact Support at https://www.npmjs.com/support for more info.
Package desktop app (windows-latest)	UNKNOWN STEP	2026-06-26T16:11:25.7632594Z npm warn deprecated @npmcli/move-file@2.0.1: This functionality has been moved to @npmcli/fs
Package desktop app (windows-latest)	UNKNOWN STEP	2026-06-26T16:11:25.9428910Z npm warn deprecated glob@7.2.3: Old versions of glob are not supported, and contain widely publicized security vulnerabilities, which have been fixed in the current version. Please update. Support for old versions may be purchased (at exorbitant rates) by contacting i@izs.me
Package desktop app (windows-latest)	UNKNOWN STEP	2026-06-26T16:11:25.9504135Z npm warn deprecated rimraf@2.6.3: Rimraf versions prior to v4 are no longer supported
Package desktop app (windows-latest)	UNKNOWN STEP	2026-06-26T16:11:26.0741582Z npm warn deprecated rimraf@3.0.2: Rimraf versions prior to v4 are no longer supported
Package desktop app (windows-latest)	UNKNOWN STEP	2026-06-26T16:11:26.0764575Z npm warn deprecated rimraf@3.0.2: Rimraf versions prior to v4 are no longer supported
Package desktop app (windows-latest)	UNKNOWN STEP	2026-06-26T16:11:26.1340912Z npm warn deprecated glob@7.2.3: Old versions of glob are not supported, and contain widely publicized security vulnerabilities, which have been fixed in the current version. Please update. Support for old versions may be purchased (at exorbitant rates) by contacting i@izs.me
Package desktop app (windows-latest)	UNKNOWN STEP	2026-06-26T16:11:26.1377697Z npm warn deprecated glob@8.1.0: Old versions of glob are not supported, and contain widely publicized security vulnerabilities, which have been fixed in the current version. Please update. Support for old versions may be purchased (at exorbitant rates) by contacting i@izs.me
Package desktop app (windows-latest)	UNKNOWN STEP	2026-06-26T16:11:26.1593111Z npm warn deprecated glob@8.1.0: Old versions of glob are not supported, and contain widely publicized security vulnerabilities, which have been fixed in the current version. Please update. Support for old versions may be purchased (at exorbitant rates) by contacting i@izs.me
Package desktop app (windows-latest)	UNKNOWN STEP	2026-06-26T16:11:26.8748279Z npm warn deprecated boolean@3.2.0: Package no longer supported. Contact Support at https://www.npmjs.com/support for more info.
Package desktop app (windows-latest)	UNKNOWN STEP	2026-06-26T16:11:27.5449865Z npm warn deprecated tar@6.2.1: Old versions of tar are not supported, and contain widely publicized security vulnerabilities, which have been fixed in the current version. Please update. Support for old versions may be purchased (at exorbitant rates) by contacting i@izs.me
Package desktop app (windows-latest)	UNKNOWN STEP	2026-06-26T16:11:27.5468487Z npm warn deprecated tar@6.2.1: Old versions of tar are not supported, and contain widely publicized security vulnerabilities, which have been fixed in the current version. Please update. Support for old versions may be purchased (at exorbitant rates) by contacting i@izs.me
Package desktop app (windows-latest)	UNKNOWN STEP	2026-06-26T16:11:27.5522829Z npm warn deprecated tar@6.2.1: Old versions of tar are not supported, and contain widely publicized security vulnerabilities, which have been fixed in the current version. Please update. Support for old versions may be purchased (at exorbitant rates) by contacting i@izs.me
Package desktop app (windows-latest)	UNKNOWN STEP	2026-06-26T16:11:40.8036491Z npm warn cleanup Failed to remove some directories [
Package desktop app (windows-latest)	UNKNOWN STEP	2026-06-26T16:11:40.8036893Z npm warn cleanup   [
Package desktop app (windows-latest)	UNKNOWN STEP	2026-06-26T16:11:40.8040305Z npm warn cleanup     'D:\\a\\numbers-vectorization\\numbers-vectorization\\examples\\universal-app\\node_modules\\electron-installer-debian\\node_modules\\yargs-parser',
Package desktop app (windows-latest)	UNKNOWN STEP	2026-06-26T16:11:40.8041941Z npm warn cleanup     [Error: EPERM: operation not permitted, rmdir 'D:\a\numbers-vectorization\numbers-vectorization\examples\universal-app\node_modules\electron-installer-debian\node_modules\yargs-parser'] {
Package desktop app (windows-latest)	UNKNOWN STEP	2026-06-26T16:11:40.8043233Z npm warn cleanup       errno: -4048,
Package desktop app (windows-latest)	UNKNOWN STEP	2026-06-26T16:11:40.8043714Z npm warn cleanup       code: 'EPERM',
Package desktop app (windows-latest)	UNKNOWN STEP	2026-06-26T16:11:40.8044201Z npm warn cleanup       syscall: 'rmdir',
Package desktop app (windows-latest)	UNKNOWN STEP	2026-06-26T16:11:40.8045717Z npm warn cleanup       path: 'D:\\a\\numbers-vectorization\\numbers-vectorization\\examples\\universal-app\\node_modules\\electron-installer-debian\\node_modules\\yargs-parser'
Package desktop app (windows-latest)	UNKNOWN STEP	2026-06-26T16:11:40.8046913Z npm warn cleanup     }
Package desktop app (windows-latest)	UNKNOWN STEP	2026-06-26T16:11:40.8047150Z npm warn cleanup   ],
Package desktop app (windows-latest)	UNKNOWN STEP	2026-06-26T16:11:40.8047682Z npm warn cleanup   [
Package desktop app (windows-latest)	UNKNOWN STEP	2026-06-26T16:11:40.8049049Z npm warn cleanup     'D:\\a\\numbers-vectorization\\numbers-vectorization\\examples\\universal-app\\node_modules\\electron-installer-redhat\\node_modules\\yargs',
Package desktop app (windows-latest)	UNKNOWN STEP	2026-06-26T16:11:40.8051452Z npm warn cleanup     [Error: EPERM: operation not permitted, rmdir 'D:\a\numbers-vectorization\numbers-vectorization\examples\universal-app\node_modules\electron-installer-redhat\node_modules\yargs\build'] {
Package desktop app (windows-latest)	UNKNOWN STEP	2026-06-26T16:11:40.8053396Z npm warn cleanup       errno: -4048,
Package desktop app (windows-latest)	UNKNOWN STEP	2026-06-26T16:11:40.8054037Z npm warn cleanup       code: 'EPERM',
Package desktop app (windows-latest)	UNKNOWN STEP	2026-06-26T16:11:40.8054604Z npm warn cleanup       syscall: 'rmdir',
Package desktop app (windows-latest)	UNKNOWN STEP	2026-06-26T16:11:40.8056214Z npm warn cleanup       path: 'D:\\a\\numbers-vectorization\\numbers-vectorization\\examples\\universal-app\\node_modules\\electron-installer-redhat\\node_modules\\yargs\\build'
Package desktop app (windows-latest)	UNKNOWN STEP	2026-06-26T16:11:40.8057579Z npm warn cleanup     }
Package desktop app (windows-latest)	UNKNOWN STEP	2026-06-26T16:11:40.8057985Z npm warn cleanup   ]
Package desktop app (windows-latest)	UNKNOWN STEP	2026-06-26T16:11:40.8058379Z npm warn cleanup ]
Package desktop app (windows-latest)	UNKNOWN STEP	2026-06-26T16:11:40.9318282Z
Package desktop app (windows-latest)	UNKNOWN STEP	2026-06-26T16:11:40.9318964Z added 629 packages, and audited 630 packages in 25s
Package desktop app (windows-latest)	UNKNOWN STEP	2026-06-26T16:11:40.9319517Z
Package desktop app (windows-latest)	UNKNOWN STEP	2026-06-26T16:11:40.9320916Z 100 packages are looking for funding
Package desktop app (windows-latest)	UNKNOWN STEP	2026-06-26T16:11:40.9321506Z   run `npm fund` for details
Package desktop app (windows-latest)	UNKNOWN STEP	2026-06-26T16:11:41.0180320Z
Package desktop app (windows-latest)	UNKNOWN STEP	2026-06-26T16:11:41.0181364Z 28 vulnerabilities (4 low, 24 high)
Package desktop app (windows-latest)	UNKNOWN STEP	2026-06-26T16:11:41.0181755Z
Package desktop app (windows-latest)	UNKNOWN STEP	2026-06-26T16:11:41.0182419Z To address issues that do not require attention, run:
Package desktop app (windows-latest)	UNKNOWN STEP	2026-06-26T16:11:41.0183101Z   npm audit fix
Package desktop app (windows-latest)	UNKNOWN STEP	2026-06-26T16:11:41.0183396Z
Package desktop app (windows-latest)	UNKNOWN STEP	2026-06-26T16:11:41.0183873Z To address all issues possible (including breaking changes), run:
Package desktop app (windows-latest)	UNKNOWN STEP	2026-06-26T16:11:41.0184986Z   npm audit fix --force
Package desktop app (windows-latest)	UNKNOWN STEP	2026-06-26T16:11:41.0185358Z
Package desktop app (windows-latest)	UNKNOWN STEP	2026-06-26T16:11:41.0185779Z Some issues need review, and may require choosing
Package desktop app (windows-latest)	UNKNOWN STEP	2026-06-26T16:11:41.0186469Z a different dependency.
Package desktop app (windows-latest)	UNKNOWN STEP	2026-06-26T16:11:41.0186811Z
Package desktop app (windows-latest)	UNKNOWN STEP	2026-06-26T16:11:41.0187066Z Run `npm audit` for details.
Package desktop app (windows-latest)	UNKNOWN STEP	2026-06-26T16:11:41.5227727Z ##[group]Run npm run example:desktop:package
Package desktop app (windows-latest)	UNKNOWN STEP	2026-06-26T16:11:41.5228159Z ^[[36;1mnpm run example:desktop:package^[[0m
Package desktop app (windows-latest)	UNKNOWN STEP	2026-06-26T16:11:41.5228445Z ^[[36;1mfor attempt in {1..30}; do^[[0m
Package desktop app (windows-latest)	UNKNOWN STEP	2026-06-26T16:11:41.5228746Z ^[[36;1m  if [[ -d examples/universal-app/out ]] &&^[[0m
Package desktop app (windows-latest)	UNKNOWN STEP	2026-06-26T16:11:41.5229203Z ^[[36;1m    [[ -n "$(find examples/universal-app/out -mindepth 1 -print -quit)" ]]; then^[[0m
Package desktop app (windows-latest)	UNKNOWN STEP	2026-06-26T16:11:41.5229748Z ^[[36;1m    find examples/universal-app/out -maxdepth 2 -mindepth 1 -print^[[0m
Package desktop app (windows-latest)	UNKNOWN STEP	2026-06-26T16:11:41.5230143Z ^[[36;1m    exit 0^[[0m
Package desktop app (windows-latest)	UNKNOWN STEP	2026-06-26T16:11:41.5230333Z ^[[36;1m  fi^[[0m
Package desktop app (windows-latest)	UNKNOWN STEP	2026-06-26T16:11:41.5230503Z ^[[36;1m  sleep 1^[[0m
Package desktop app (windows-latest)	UNKNOWN STEP	2026-06-26T16:11:41.5230687Z ^[[36;1mdone^[[0m
Package desktop app (windows-latest)	UNKNOWN STEP	2026-06-26T16:11:41.5231033Z ^[[36;1mecho "::error::Desktop package output was not created at examples/universal-app/out"^[[0m
Package desktop app (windows-latest)	UNKNOWN STEP	2026-06-26T16:11:41.5231456Z ^[[36;1mexit 1^[[0m
Package desktop app (windows-latest)	UNKNOWN STEP	2026-06-26T16:11:41.5246849Z shell: C:\Program Files\Git\bin\bash.EXE --noprofile --norc -e -o pipefail {0}
Package desktop app (windows-latest)	UNKNOWN STEP	2026-06-26T16:11:41.5247290Z env:
Package desktop app (windows-latest)	UNKNOWN STEP	2026-06-26T16:11:41.5247594Z   VITE_REPOSITORY_URL: https://github.com/konard/numbers-vectorization
Package desktop app (windows-latest)	UNKNOWN STEP	2026-06-26T16:11:41.5247952Z ##[endgroup]
Package desktop app (windows-latest)	UNKNOWN STEP	2026-06-26T16:11:42.1563947Z
Package desktop app (windows-latest)	UNKNOWN STEP	2026-06-26T16:11:42.1568304Z > @link-foundation/example-package-name@0.11.12 example:desktop:package
Package desktop app (windows-latest)	UNKNOWN STEP	2026-06-26T16:11:42.1569231Z > npm --prefix examples/universal-app run desktop:package
Package desktop app (windows-latest)	UNKNOWN STEP	2026-06-26T16:11:42.1569558Z
Package desktop app (windows-latest)	UNKNOWN STEP	2026-06-26T16:11:42.5182263Z
Package desktop app (windows-latest)	UNKNOWN STEP	2026-06-26T16:11:42.5182917Z > universal-example-app@0.1.0 desktop:package
Package desktop app (windows-latest)	UNKNOWN STEP	2026-06-26T16:11:42.5183447Z > npm run build && electron-forge package
Package desktop app (windows-latest)	UNKNOWN STEP	2026-06-26T16:11:42.5183725Z
Package desktop app (windows-latest)	UNKNOWN STEP	2026-06-26T16:11:42.8858209Z
Package desktop app (windows-latest)	UNKNOWN STEP	2026-06-26T16:11:42.8858861Z > universal-example-app@0.1.0 build
Package desktop app (windows-latest)	UNKNOWN STEP	2026-06-26T16:11:42.8859415Z > vite build
Package desktop app (windows-latest)	UNKNOWN STEP	2026-06-26T16:11:42.8859549Z
Package desktop app (windows-latest)	UNKNOWN STEP	2026-06-26T16:11:43.5658297Z ^[[36mvite v6.4.2 ^[[32mbuilding for production...^[[36m^[[39m
Package desktop app (windows-latest)	UNKNOWN STEP	2026-06-26T16:11:43.6517711Z transforming...
Package desktop app (windows-latest)	UNKNOWN STEP	2026-06-26T16:11:44.5678028Z ^[[32m✓^[[39m 24 modules transformed.
Package desktop app (windows-latest)	UNKNOWN STEP	2026-06-26T16:11:44.7003603Z rendering chunks...
Package desktop app (windows-latest)	UNKNOWN STEP	2026-06-26T16:11:44.7086009Z computing gzip size...
Package desktop app (windows-latest)	UNKNOWN STEP	2026-06-26T16:11:44.7171048Z ^[[2mdist/^[[22m^[[32mindex.html                 ^[[39m^[[1m^[[2m  0.62 kB^[[22m^[[1m^[[22m^[[2m │ gzip:  0.37 kB^[[22m
Package desktop app (windows-latest)	UNKNOWN STEP	2026-06-26T16:11:44.7172400Z ^[[2mdist/^[[22m^[[35massets/index-C2IizFp6.css  ^[[39m^[[1m^[[2m  5.11 kB^[[22m^[[1m^[[22m^[[2m │ gzip:  1.68 kB^[[22m
Package desktop app (windows-latest)	UNKNOWN STEP	2026-06-26T16:11:44.7173503Z ^[[2mdist/^[[22m^[[36massets/index-C49_oBaE.js   ^[[39m^[[1m^[[2m210.62 kB^[[22m^[[1m^[[22m^[[2m │ gzip: 61.84 kB^[[22m
Package desktop app (windows-latest)	UNKNOWN STEP	2026-06-26T16:11:44.7177533Z ^[[32m✓ built in 1.12s^[[39m
Package desktop app (windows-latest)	UNKNOWN STEP	2026-06-26T16:11:44.9506859Z ^[[33m❯^[[39m Checking your system
Package desktop app (windows-latest)	UNKNOWN STEP	2026-06-26T16:11:44.9527495Z ^[[33m❯^[[39m Checking package manager version
Package desktop app (windows-latest)	UNKNOWN STEP	2026-06-26T16:11:44.9572211Z ^[[32m✔^[[39m Found npm@10.8.2
Package desktop app (windows-latest)	UNKNOWN STEP	2026-06-26T16:11:44.9575163Z ^[[32m✔^[[39m Checking your system
Package desktop app (windows-latest)	UNKNOWN STEP	2026-06-26T16:11:45.7425428Z ^[[?25h^[[33m❯^[[39m Preparing to package application
Package desktop app (windows-latest)	UNKNOWN STEP	2026-06-26T16:11:45.7637453Z ^[[32m✔^[[39m Preparing to package application
Package desktop app (windows-latest)	UNKNOWN STEP	2026-06-26T16:11:45.7640119Z ^[[33m❯^[[39m Running packaging hooks
Package desktop app (windows-latest)	UNKNOWN STEP	2026-06-26T16:11:45.7647098Z ^[[33m❯^[[39m Running generateAssets hook
Package desktop app (windows-latest)	UNKNOWN STEP	2026-06-26T16:11:45.7652535Z ^[[32m✔^[[39m Running generateAssets hook
Package desktop app (windows-latest)	UNKNOWN STEP	2026-06-26T16:11:45.7653802Z ^[[33m❯^[[39m Running prePackage hook
Package desktop app (windows-latest)	UNKNOWN STEP	2026-06-26T16:11:45.7656832Z ^[[32m✔^[[39m Running prePackage hook
Package desktop app (windows-latest)	UNKNOWN STEP	2026-06-26T16:11:45.7658819Z ^[[32m✔^[[39m Running packaging hooks
Package desktop app (windows-latest)	UNKNOWN STEP	2026-06-26T16:11:45.7660729Z ^[[33m❯^[[39m Packaging application
Package desktop app (windows-latest)	UNKNOWN STEP	2026-06-26T16:11:45.7668657Z › Determining targets...
Package desktop app (windows-latest)	UNKNOWN STEP	2026-06-26T16:11:45.7756172Z ^[[33m❯^[[39m Packaging for x64 on win32
Package desktop app (windows-latest)	UNKNOWN STEP	2026-06-26T16:11:45.7763824Z ^[[33m❯^[[39m Copying files
Package desktop app (windows-latest)	UNKNOWN STEP	2026-06-26T16:11:45.7764602Z ^[[33m❯^[[39m Preparing native dependencies
Package desktop app (windows-latest)	UNKNOWN STEP	2026-06-26T16:11:45.7765211Z ^[[33m❯^[[39m Finalizing package
Package desktop app (windows-latest)	UNKNOWN STEP	2026-06-26T16:11:51.1673653Z ^[[32m✔^[[39m Copying files
Package desktop app (windows-latest)	UNKNOWN STEP	2026-06-26T16:11:51.7016590Z ^[[32m✔^[[39m Preparing native dependencies
Package desktop app (windows-latest)	UNKNOWN STEP	2026-06-26T16:11:58.8860623Z ^[[32m✔^[[39m Finalizing package
Package desktop app (windows-latest)	UNKNOWN STEP	2026-06-26T16:11:58.8861650Z ^[[32m✔^[[39m Packaging for x64 on win32
Package desktop app (windows-latest)	UNKNOWN STEP	2026-06-26T16:11:58.8865812Z ^[[32m✔^[[39m Packaging application
Package desktop app (windows-latest)	UNKNOWN STEP	2026-06-26T16:11:58.8866590Z ^[[33m❯^[[39m Running postPackage hook
Package desktop app (windows-latest)	UNKNOWN STEP	2026-06-26T16:11:58.8869460Z ^[[32m✔^[[39m Running postPackage hook
Package desktop app (windows-latest)	UNKNOWN STEP	2026-06-26T16:11:59.0461559Z ^[[?25hexamples/universal-app/out/Universal Example App-win32-x64
Package desktop app (windows-latest)	UNKNOWN STEP	2026-06-26T16:11:59.0462742Z examples/universal-app/out/Universal Example App-win32-x64/chrome_100_percent.pak
Package desktop app (windows-latest)	UNKNOWN STEP	2026-06-26T16:11:59.0463872Z examples/universal-app/out/Universal Example App-win32-x64/chrome_200_percent.pak
Package desktop app (windows-latest)	UNKNOWN STEP	2026-06-26T16:11:59.0465011Z examples/universal-app/out/Universal Example App-win32-x64/d3dcompiler_47.dll
Package desktop app (windows-latest)	UNKNOWN STEP	2026-06-26T16:11:59.0466030Z examples/universal-app/out/Universal Example App-win32-x64/ffmpeg.dll
Package desktop app (windows-latest)	UNKNOWN STEP	2026-06-26T16:11:59.0466935Z examples/universal-app/out/Universal Example App-win32-x64/icudtl.dat
Package desktop app (windows-latest)	UNKNOWN STEP	2026-06-26T16:11:59.0467896Z examples/universal-app/out/Universal Example App-win32-x64/libEGL.dll
Package desktop app (windows-latest)	UNKNOWN STEP	2026-06-26T16:11:59.0469407Z examples/universal-app/out/Universal Example App-win32-x64/libGLESv2.dll
Package desktop app (windows-latest)	UNKNOWN STEP	2026-06-26T16:11:59.0470360Z examples/universal-app/out/Universal Example App-win32-x64/LICENSE
Package desktop app (windows-latest)	UNKNOWN STEP	2026-06-26T16:11:59.0471409Z examples/universal-app/out/Universal Example App-win32-x64/LICENSES.chromium.html
Package desktop app (windows-latest)	UNKNOWN STEP	2026-06-26T16:11:59.0472429Z examples/universal-app/out/Universal Example App-win32-x64/locales
Package desktop app (windows-latest)	UNKNOWN STEP	2026-06-26T16:11:59.0473359Z examples/universal-app/out/Universal Example App-win32-x64/resources
Package desktop app (windows-latest)	UNKNOWN STEP	2026-06-26T16:11:59.0475694Z examples/universal-app/out/Universal Example App-win32-x64/resources.pak
Package desktop app (windows-latest)	UNKNOWN STEP	2026-06-26T16:11:59.0476792Z examples/universal-app/out/Universal Example App-win32-x64/snapshot_blob.bin
Package desktop app (windows-latest)	UNKNOWN STEP	2026-06-26T16:11:59.0477898Z examples/universal-app/out/Universal Example App-win32-x64/universal-example-app.exe
Package desktop app (windows-latest)	UNKNOWN STEP	2026-06-26T16:11:59.0479027Z examples/universal-app/out/Universal Example App-win32-x64/v8_context_snapshot.bin
Package desktop app (windows-latest)	UNKNOWN STEP	2026-06-26T16:11:59.0480379Z examples/universal-app/out/Universal Example App-win32-x64/version
Package desktop app (windows-latest)	UNKNOWN STEP	2026-06-26T16:11:59.0481365Z examples/universal-app/out/Universal Example App-win32-x64/vk_swiftshader.dll
Package desktop app (windows-latest)	UNKNOWN STEP	2026-06-26T16:11:59.0482494Z examples/universal-app/out/Universal Example App-win32-x64/vk_swiftshader_icd.json
Package desktop app (windows-latest)	UNKNOWN STEP	2026-06-26T16:11:59.0483520Z examples/universal-app/out/Universal Example App-win32-x64/vulkan-1.dll
Package desktop app (windows-latest)	UNKNOWN STEP	2026-06-26T16:11:59.0724397Z ##[group]Run actions/upload-artifact@v7
Package desktop app (windows-latest)	UNKNOWN STEP	2026-06-26T16:11:59.0724742Z with:
Package desktop app (windows-latest)	UNKNOWN STEP	2026-06-26T16:11:59.0724982Z   name: universal-example-desktop-windows-latest
Package desktop app (windows-latest)	UNKNOWN STEP	2026-06-26T16:11:59.0725310Z   path: examples/universal-app/out
Package desktop app (windows-latest)	UNKNOWN STEP	2026-06-26T16:11:59.0725793Z   if-no-files-found: error
Package desktop app (windows-latest)	UNKNOWN STEP	2026-06-26T16:11:59.0726019Z   compression-level: 6
Package desktop app (windows-latest)	UNKNOWN STEP	2026-06-26T16:11:59.0726217Z   overwrite: false
Package desktop app (windows-latest)	UNKNOWN STEP	2026-06-26T16:11:59.0726420Z   include-hidden-files: false
Package desktop app (windows-latest)	UNKNOWN STEP	2026-06-26T16:11:59.0726761Z   archive: true
Package desktop app (windows-latest)	UNKNOWN STEP	2026-06-26T16:11:59.0726967Z ##[endgroup]
Package desktop app (windows-latest)	UNKNOWN STEP	2026-06-26T16:11:59.3081025Z With the provided path, there will be 73 files uploaded
Package desktop app (windows-latest)	UNKNOWN STEP	2026-06-26T16:11:59.3087890Z Artifact name is valid!
Package desktop app (windows-latest)	UNKNOWN STEP	2026-06-26T16:11:59.3090052Z Root directory input is valid!
Package desktop app (windows-latest)	UNKNOWN STEP	2026-06-26T16:11:59.5089571Z Uploading artifact: universal-example-desktop-windows-latest.zip
Package desktop app (windows-latest)	UNKNOWN STEP	2026-06-26T16:11:59.5135236Z Beginning upload of artifact content to blob storage
Package desktop app (windows-latest)	UNKNOWN STEP	2026-06-26T16:12:00.6631867Z Uploaded bytes 8388608
Package desktop app (windows-latest)	UNKNOWN STEP	2026-06-26T16:12:01.3425229Z Uploaded bytes 16777216
Package desktop app (windows-latest)	UNKNOWN STEP	2026-06-26T16:12:02.3916012Z Uploaded bytes 25165824
Package desktop app (windows-latest)	UNKNOWN STEP	2026-06-26T16:12:02.8851551Z Uploaded bytes 33554432
Package desktop app (windows-latest)	UNKNOWN STEP	2026-06-26T16:12:03.7185119Z Uploaded bytes 41943040
Package desktop app (windows-latest)	UNKNOWN STEP	2026-06-26T16:12:04.2293029Z Uploaded bytes 50331648
Package desktop app (windows-latest)	UNKNOWN STEP	2026-06-26T16:12:04.8972623Z Uploaded bytes 58720256
Package desktop app (windows-latest)	UNKNOWN STEP	2026-06-26T16:12:05.5069936Z Uploaded bytes 67108864
Package desktop app (windows-latest)	UNKNOWN STEP	2026-06-26T16:12:06.2097214Z Uploaded bytes 75497472
Package desktop app (windows-latest)	UNKNOWN STEP	2026-06-26T16:12:07.0044448Z Uploaded bytes 83886080
Package desktop app (windows-latest)	UNKNOWN STEP	2026-06-26T16:12:07.7998270Z Uploaded bytes 92274688
Package desktop app (windows-latest)	UNKNOWN STEP	2026-06-26T16:12:08.6203979Z Uploaded bytes 100663296
Package desktop app (windows-latest)	UNKNOWN STEP	2026-06-26T16:12:09.3353147Z Uploaded bytes 109051904
Package desktop app (windows-latest)	UNKNOWN STEP	2026-06-26T16:12:10.0368052Z Uploaded bytes 117440512
Package desktop app (windows-latest)	UNKNOWN STEP	2026-06-26T16:12:10.1326343Z Uploaded bytes 119299279
Package desktop app (windows-latest)	UNKNOWN STEP	2026-06-26T16:12:10.1668931Z Finished uploading artifact content to blob storage!
Package desktop app (windows-latest)	UNKNOWN STEP	2026-06-26T16:12:10.1673103Z SHA256 digest of uploaded artifact is 4402b783180e2555065a36556b000777e1513808ffc720d716640543f4e19d54
Package desktop app (windows-latest)	UNKNOWN STEP	2026-06-26T16:12:10.1675389Z Finalizing artifact upload
Package desktop app (windows-latest)	UNKNOWN STEP	2026-06-26T16:12:10.3917041Z Artifact universal-example-desktop-windows-latest successfully finalized. Artifact ID 7910481312
Package desktop app (windows-latest)	UNKNOWN STEP	2026-06-26T16:12:10.3918524Z Artifact universal-example-desktop-windows-latest has been successfully uploaded! Final size is 119299279 bytes. Artifact ID is 7910481312
Package desktop app (windows-latest)	UNKNOWN STEP	2026-06-26T16:12:10.3927458Z Artifact download URL: https://github.com/konard/numbers-vectorization/actions/runs/28250265337/artifacts/7910481312
Package desktop app (windows-latest)	UNKNOWN STEP	2026-06-26T16:12:10.4257842Z Post job cleanup.
Package desktop app (windows-latest)	UNKNOWN STEP	2026-06-26T16:12:10.5790419Z Cache hit occurred on the primary key node-cache-Windows-x64-npm-5f8434949d7ab49135625ef538c8a4323d216a4320afa11dced924005220dabb, not saving cache.
Package desktop app (windows-latest)	UNKNOWN STEP	2026-06-26T16:12:10.6067942Z Post job cleanup.
Package desktop app (windows-latest)	UNKNOWN STEP	2026-06-26T16:12:10.8021893Z [command]"C:\Program Files\Git\bin\git.exe" version
Package desktop app (windows-latest)	UNKNOWN STEP	2026-06-26T16:12:10.8311305Z git version 2.54.0.windows.1
Package desktop app (windows-latest)	UNKNOWN STEP	2026-06-26T16:12:10.8399438Z Temporarily overriding HOME='D:\a\_temp\f1790053-bfc1-49ca-9ad1-ce6542dcfc34' before making global git config changes
Package desktop app (windows-latest)	UNKNOWN STEP	2026-06-26T16:12:10.8400946Z Adding repository directory to the temporary git global config as a safe directory
Package desktop app (windows-latest)	UNKNOWN STEP	2026-06-26T16:12:10.8412874Z [command]"C:\Program Files\Git\bin\git.exe" config --global --add safe.directory D:\a\numbers-vectorization\numbers-vectorization
Package desktop app (windows-latest)	UNKNOWN STEP	2026-06-26T16:12:10.8765068Z Removing SSH command configuration
Package desktop app (windows-latest)	UNKNOWN STEP	2026-06-26T16:12:10.8783691Z [command]"C:\Program Files\Git\bin\git.exe" config --local --name-only --get-regexp core\.sshCommand
Package desktop app (windows-latest)	UNKNOWN STEP	2026-06-26T16:12:10.9198072Z [command]"C:\Program Files\Git\bin\git.exe" submodule foreach --recursive "sh -c \"git config --local --name-only --get-regexp 'core\.sshCommand' && git config --local --unset-all 'core.sshCommand' || :\""
Package desktop app (windows-latest)	UNKNOWN STEP	2026-06-26T16:12:11.5059180Z Removing HTTP extra header
Package desktop app (windows-latest)	UNKNOWN STEP	2026-06-26T16:12:11.5070584Z [command]"C:\Program Files\Git\bin\git.exe" config --local --name-only --get-regexp http\.https\:\/\/github\.com\/\.extraheader
Package desktop app (windows-latest)	UNKNOWN STEP	2026-06-26T16:12:11.5407322Z [command]"C:\Program Files\Git\bin\git.exe" submodule foreach --recursive "sh -c \"git config --local --name-only --get-regexp 'http\.https\:\/\/github\.com\/\.extraheader' && git config --local --unset-all 'http.https://github.com/.extraheader' || :\""
Package desktop app (windows-latest)	UNKNOWN STEP	2026-06-26T16:12:12.1171430Z Removing includeIf entries pointing to credentials config files
Package desktop app (windows-latest)	UNKNOWN STEP	2026-06-26T16:12:12.1184742Z [command]"C:\Program Files\Git\bin\git.exe" config --local --name-only --get-regexp ^includeIf\.gitdir:
Package desktop app (windows-latest)	UNKNOWN STEP	2026-06-26T16:12:12.1463342Z includeif.gitdir:D:/a/numbers-vectorization/numbers-vectorization/.git.path
Package desktop app (windows-latest)	UNKNOWN STEP	2026-06-26T16:12:12.1464572Z includeif.gitdir:D:/a/numbers-vectorization/numbers-vectorization/.git/worktrees/*.path
Package desktop app (windows-latest)	UNKNOWN STEP	2026-06-26T16:12:12.1465483Z includeif.gitdir:/github/workspace/.git.path
Package desktop app (windows-latest)	UNKNOWN STEP	2026-06-26T16:12:12.1466209Z includeif.gitdir:/github/workspace/.git/worktrees/*.path
Package desktop app (windows-latest)	UNKNOWN STEP	2026-06-26T16:12:12.1511837Z [command]"C:\Program Files\Git\bin\git.exe" config --local --get-all includeif.gitdir:D:/a/numbers-vectorization/numbers-vectorization/.git.path
Package desktop app (windows-latest)	UNKNOWN STEP	2026-06-26T16:12:12.1783245Z D:\a\_temp\git-credentials-bceec08e-3c48-43c1-8f67-ed972a29731d.config
Package desktop app (windows-latest)	UNKNOWN STEP	2026-06-26T16:12:12.1832853Z [command]"C:\Program Files\Git\bin\git.exe" config --local --unset includeif.gitdir:D:/a/numbers-vectorization/numbers-vectorization/.git.path D:\a\_temp\git-credentials-bceec08e-3c48-43c1-8f67-ed972a29731d.config
Package desktop app (windows-latest)	UNKNOWN STEP	2026-06-26T16:12:12.2153141Z [command]"C:\Program Files\Git\bin\git.exe" config --local --get-all includeif.gitdir:D:/a/numbers-vectorization/numbers-vectorization/.git/worktrees/*.path
Package desktop app (windows-latest)	UNKNOWN STEP	2026-06-26T16:12:12.2428437Z D:\a\_temp\git-credentials-bceec08e-3c48-43c1-8f67-ed972a29731d.config
Package desktop app (windows-latest)	UNKNOWN STEP	2026-06-26T16:12:12.2480220Z [command]"C:\Program Files\Git\bin\git.exe" config --local --unset includeif.gitdir:D:/a/numbers-vectorization/numbers-vectorization/.git/worktrees/*.path D:\a\_temp\git-credentials-bceec08e-3c48-43c1-8f67-ed972a29731d.config
Package desktop app (windows-latest)	UNKNOWN STEP	2026-06-26T16:12:12.2795701Z [command]"C:\Program Files\Git\bin\git.exe" config --local --get-all includeif.gitdir:/github/workspace/.git.path
Package desktop app (windows-latest)	UNKNOWN STEP	2026-06-26T16:12:12.3067915Z /github/runner_temp/git-credentials-bceec08e-3c48-43c1-8f67-ed972a29731d.config
Package desktop app (windows-latest)	UNKNOWN STEP	2026-06-26T16:12:12.3114015Z [command]"C:\Program Files\Git\bin\git.exe" config --local --unset includeif.gitdir:/github/workspace/.git.path /github/runner_temp/git-credentials-bceec08e-3c48-43c1-8f67-ed972a29731d.config
Package desktop app (windows-latest)	UNKNOWN STEP	2026-06-26T16:12:12.3435441Z [command]"C:\Program Files\Git\bin\git.exe" config --local --get-all includeif.gitdir:/github/workspace/.git/worktrees/*.path
Package desktop app (windows-latest)	UNKNOWN STEP	2026-06-26T16:12:12.3716519Z /github/runner_temp/git-credentials-bceec08e-3c48-43c1-8f67-ed972a29731d.config
Package desktop app (windows-latest)	UNKNOWN STEP	2026-06-26T16:12:12.3769386Z [command]"C:\Program Files\Git\bin\git.exe" config --local --unset includeif.gitdir:/github/workspace/.git/worktrees/*.path /github/runner_temp/git-credentials-bceec08e-3c48-43c1-8f67-ed972a29731d.config
Package desktop app (windows-latest)	UNKNOWN STEP	2026-06-26T16:12:12.4088585Z [command]"C:\Program Files\Git\bin\git.exe" submodule foreach --recursive "git config --local --show-origin --name-only --get-regexp remote.origin.url"
Package desktop app (windows-latest)	UNKNOWN STEP	2026-06-26T16:12:12.9886828Z Removing credentials config 'D:\a\_temp\git-credentials-bceec08e-3c48-43c1-8f67-ed972a29731d.config'
Package desktop app (windows-latest)	UNKNOWN STEP	2026-06-26T16:12:13.0087862Z Cleaning up orphan processes
Deploy GitHub Pages	Set up job	﻿2026-06-26T17:06:45.5739137Z Current runner version: '2.335.1'
Deploy GitHub Pages	Set up job	2026-06-26T17:06:45.5764892Z ##[group]Runner Image Provisioner
Deploy GitHub Pages	Set up job	2026-06-26T17:06:45.5765779Z Hosted Compute Agent
Deploy GitHub Pages	Set up job	2026-06-26T17:06:45.5766447Z Version: 20260611.554
Deploy GitHub Pages	Set up job	2026-06-26T17:06:45.5767222Z Commit: 5e0782fdc9014723d3be820dd114dd31555c2bd1
Deploy GitHub Pages	Set up job	2026-06-26T17:06:45.5768292Z Build Date: 2026-06-11T21:40:46Z
Deploy GitHub Pages	Set up job	2026-06-26T17:06:45.5769154Z Worker ID: {798300a8-609e-448a-9876-92f4393fb6e1}
Deploy GitHub Pages	Set up job	2026-06-26T17:06:45.5769876Z Azure Region: westus
Deploy GitHub Pages	Set up job	2026-06-26T17:06:45.5770439Z ##[endgroup]
Deploy GitHub Pages	Set up job	2026-06-26T17:06:45.5772314Z ##[group]Operating System
Deploy GitHub Pages	Set up job	2026-06-26T17:06:45.5772991Z Ubuntu
Deploy GitHub Pages	Set up job	2026-06-26T17:06:45.5773635Z 24.04.4
Deploy GitHub Pages	Set up job	2026-06-26T17:06:45.5774154Z LTS
Deploy GitHub Pages	Set up job	2026-06-26T17:06:45.5774652Z ##[endgroup]
Deploy GitHub Pages	Set up job	2026-06-26T17:06:45.5775261Z ##[group]Runner Image
Deploy GitHub Pages	Set up job	2026-06-26T17:06:45.5775854Z Image: ubuntu-24.04
Deploy GitHub Pages	Set up job	2026-06-26T17:06:45.5776442Z Version: 20260622.220.1
Deploy GitHub Pages	Set up job	2026-06-26T17:06:45.5777545Z Included Software: https://github.com/actions/runner-images/blob/ubuntu24/20260622.220/images/ubuntu/Ubuntu2404-Readme.md
Deploy GitHub Pages	Set up job	2026-06-26T17:06:45.5779642Z Image Release: https://github.com/actions/runner-images/releases/tag/ubuntu24%2F20260622.220
Deploy GitHub Pages	Set up job	2026-06-26T17:06:45.5780616Z ##[endgroup]
Deploy GitHub Pages	Set up job	2026-06-26T17:06:45.5781801Z ##[group]GITHUB_TOKEN Permissions
Deploy GitHub Pages	Set up job	2026-06-26T17:06:45.5784059Z Metadata: read
Deploy GitHub Pages	Set up job	2026-06-26T17:06:45.5784866Z Pages: write
Deploy GitHub Pages	Set up job	2026-06-26T17:06:45.5785481Z ##[endgroup]
Deploy GitHub Pages	Set up job	2026-06-26T17:06:45.5787882Z Secret source: Actions
Deploy GitHub Pages	Set up job	2026-06-26T17:06:45.5788837Z Prepare workflow directory
Deploy GitHub Pages	Set up job	2026-06-26T17:06:45.6125680Z Prepare all required actions
Deploy GitHub Pages	Set up job	2026-06-26T17:06:45.6165205Z Getting action download info
Deploy GitHub Pages	Set up job	2026-06-26T17:06:46.0076992Z Download action repository 'actions/deploy-pages@v5' (SHA:cd2ce8fcbc39b97be8ca5fce6e763baed58fa128)
Deploy GitHub Pages	Set up job	2026-06-26T17:06:46.6450862Z Complete job name: Deploy GitHub Pages
Deploy GitHub Pages	Deploy Pages artifact	﻿2026-06-26T17:06:46.7227227Z ##[group]Run actions/deploy-pages@v5
Deploy GitHub Pages	Deploy Pages artifact	2026-06-26T17:06:46.7228210Z with:
Deploy GitHub Pages	Deploy Pages artifact	2026-06-26T17:06:46.7232715Z   token: ***
Deploy GitHub Pages	Deploy Pages artifact	2026-06-26T17:06:46.7233215Z   timeout: 600000
Deploy GitHub Pages	Deploy Pages artifact	2026-06-26T17:06:46.7233681Z   error_count: 10
Deploy GitHub Pages	Deploy Pages artifact	2026-06-26T17:06:46.7234150Z   reporting_interval: 5000
Deploy GitHub Pages	Deploy Pages artifact	2026-06-26T17:06:46.7234673Z   artifact_name: github-pages
Deploy GitHub Pages	Deploy Pages artifact	2026-06-26T17:06:46.7235186Z   preview: false
Deploy GitHub Pages	Deploy Pages artifact	2026-06-26T17:06:46.7236195Z ##[endgroup]
Deploy GitHub Pages	Deploy Pages artifact	2026-06-26T17:06:46.9176326Z (node:2163) [DEP0040] DeprecationWarning: The `punycode` module is deprecated. Please use a userland alternative instead.
Deploy GitHub Pages	Deploy Pages artifact	2026-06-26T17:06:46.9177701Z (Use `node --trace-deprecation ...` to show where the warning was created)
Deploy GitHub Pages	Deploy Pages artifact	2026-06-26T17:06:47.1719737Z Fetching artifact metadata for "github-pages" in this workflow run
Deploy GitHub Pages	Deploy Pages artifact	2026-06-26T17:06:47.4455960Z Found 6 artifact(s)
Deploy GitHub Pages	Deploy Pages artifact	2026-06-26T17:06:47.4468546Z Creating Pages deployment with payload:
Deploy GitHub Pages	Deploy Pages artifact	2026-06-26T17:06:47.4469674Z {
Deploy GitHub Pages	Deploy Pages artifact	2026-06-26T17:06:47.4470391Z 	"artifact_id": 7911652667,
Deploy GitHub Pages	Deploy Pages artifact	2026-06-26T17:06:47.4471450Z 	"pages_build_version": "70d4599ed0a2af9685898466adfca4e118b39e34",
Deploy GitHub Pages	Deploy Pages artifact	2026-06-26T17:06:47.4601790Z 	"oidc_token": "***"
Deploy GitHub Pages	Deploy Pages artifact	2026-06-26T17:06:47.4602955Z }
Deploy GitHub Pages	Deploy Pages artifact	2026-06-26T17:06:47.8451977Z Created deployment for 70d4599ed0a2af9685898466adfca4e118b39e34, ID: 70d4599ed0a2af9685898466adfca4e118b39e34
Deploy GitHub Pages	Deploy Pages artifact	2026-06-26T17:06:52.8468990Z Getting Pages deployment status...
Deploy GitHub Pages	Deploy Pages artifact	2026-06-26T17:06:53.1197634Z Current status: deployment_queued
Deploy GitHub Pages	Deploy Pages artifact	2026-06-26T17:06:58.1207184Z Getting Pages deployment status...
Deploy GitHub Pages	Deploy Pages artifact	2026-06-26T17:06:58.3631258Z Current status: deployment_queued
Deploy GitHub Pages	Deploy Pages artifact	2026-06-26T17:07:03.3629209Z Getting Pages deployment status...
Deploy GitHub Pages	Deploy Pages artifact	2026-06-26T17:07:03.6698621Z Current status: deployment_queued
Deploy GitHub Pages	Deploy Pages artifact	2026-06-26T17:07:08.6706363Z Getting Pages deployment status...
Deploy GitHub Pages	Deploy Pages artifact	2026-06-26T17:07:08.9406627Z Current status: deployment_queued
Deploy GitHub Pages	Deploy Pages artifact	2026-06-26T17:07:13.9417315Z Getting Pages deployment status...
Deploy GitHub Pages	Deploy Pages artifact	2026-06-26T17:07:14.1942409Z Current status: deployment_queued
Deploy GitHub Pages	Deploy Pages artifact	2026-06-26T17:07:19.1942770Z Getting Pages deployment status...
Deploy GitHub Pages	Deploy Pages artifact	2026-06-26T17:07:19.4872153Z Current status: deployment_queued
Deploy GitHub Pages	Deploy Pages artifact	2026-06-26T17:07:24.4874617Z Getting Pages deployment status...
Deploy GitHub Pages	Deploy Pages artifact	2026-06-26T17:07:24.7751877Z Current status: deployment_queued
Deploy GitHub Pages	Deploy Pages artifact	2026-06-26T17:07:29.7760296Z Getting Pages deployment status...
Deploy GitHub Pages	Deploy Pages artifact	2026-06-26T17:07:30.0579289Z Current status: deployment_queued
Deploy GitHub Pages	Deploy Pages artifact	2026-06-26T17:07:35.0580919Z Getting Pages deployment status...
Deploy GitHub Pages	Deploy Pages artifact	2026-06-26T17:07:35.2958253Z Reported success!
Deploy GitHub Pages	Complete job	﻿2026-06-26T17:07:35.3221610Z Evaluate and set environment url
Deploy GitHub Pages	Complete job	2026-06-26T17:07:35.3226509Z Evaluated environment url: https://konard.github.io/numbers-vectorization/
Deploy GitHub Pages	Complete job	2026-06-26T17:07:35.3227501Z Cleaning up orphan processes
